network_section_id,from_operational_point_id,to_operational_point_id,length_km,track_count_code,tudu
10931,10020600,13790100,1.242,0,
10904,19001700,13601000,2.203,0,
10085,13360300,13350400,2.836,0,
10087,13340500,13330600,1.473,0,
10467,10026300,19021500,2.164,0,
10105,13181300,13081500,7.919,0,
10111,13031000,13011200,2.313,0,
10121,17875600,19007400,1.716,0,
10147,17465600,17445800,1.162,0,
10351,17935800,17775800,1.502,0,
10052,18315200,18415000,1.103,0,
10055,18305300,18385500,2.187,0,
10039,18135400,18195800,2.112,0,
10994,15900400,15910300,2.6,0,
10811,14590400,14570600,1.638,0,
10818,14811400,14801500,1.643,0,
10007,17575200,17555400,4.364,0,
10264,17025800,17035700,2.142,0,
10253,13816400,13826300,6.438,0,
10599,15480700,15460900,1.41,0,
10171,14200000,19112200,2.75,0,
10197,14221600,14400600,2.172,0,
10200,13300900,14000400,3.203,0,
10207,14100200,14080600,1.63,0,
10156,17685900,17665100,4.595,0,
10155,17665100,17675000,2.569,0,
10972,18730200,19028000,0.819,0,
10542,13123500,13133400,9.425,0,
10226,13616800,18006700,0.526,0,
10369,13146600,13096300,8.832,0,
10370,13096300,13106000,5.383,0,
10376,13046800,13016100,6.404,0,
10416,14086300,14076400,2.239,0,
10410,19123900,13126800,1.416,0,
10418,13096300,16456600,3.879,0,
10419,16456600,13116900,2.507,0,
10425,13226600,14576300,6.423,0,
10336,19004100,13906300,0.53,0,
9003,17715400,17395500,3.244,0,
10560,13093000,17355900,6.42,0,
10619,15216500,15206600,4.399,0,
10668,15396500,15406200,1.74,0,
10673,15476500,15466600,2.113,0,
10677,15506900,15516800,3.37,0,
10685,15576200,15586100,3.427,0,
10690,17245200,18055400,3.262,0,
10693,18055400,17255100,1.04,0,
10695,17265000,17285800,2.775,0,
10783,15906100,15916000,2.92,0,
10784,15916000,19120500,0.174,0,
10723,16156200,15542400,1.21,0,
10721,19029800,16256000,1.83,0,
10708,15976400,15966500,4.014,0,
10450,14706600,14716500,4.229,0,
10446,14668800,14666200,1.483,0,
10474,15886500,15876600,4.493,0,
10291,13686100,18276600,0.543,0,
10292,18276600,14276000,4.259,0,
10357,14436000,14426100,1.673,0,
10021,14306500,14336200,5.77,0,
10024,14346100,14366900,3.98,0,
10321,13746300,15067200,4.958,0,
10325,15166200,15176100,2.611,0,
10329,15136500,15126600,4.423,0,
10331,15116700,15106800,5.004,0,
10335,13876800,13866900,2.3,0,
10001,13886700,14476600,3.769,0,
10495,18007500,13803200,6.279,0,
10920,13730700,13720800,5.256,0,
11135,18740100,18510800,12.194,0,
10060,13610100,13580600,4.728,0,
10072,13490800,13480900,5.356,0,
10086,13350400,13340500,3.819,0,
10401,13496500,13486600,4.077,0,
10698,13416300,15206600,8.239,0,
10348,17525700,17765900,2.001,0,
10038,18115600,18135400,0.858,0,
10045,18345900,18375600,3.624,0,
11108,16940900,16930000,3.507,0,
10186,19025600,19026400,0.9,0,
10995,15910300,15870900,2.538,0,
10997,15890700,15880800,3.61,0,
10999,15860000,15810500,3.509,0,
10034,18155200,18125500,4.918,0,
10035,18125500,18115600,1.138,0,
10005,17565300,17655200,1.383,0,
11092,15770100,15750300,2.769,0,
11099,16390700,16380800,2.414,0,
10911,13850300,13840400,6.622,0,
10477,13356100,13366000,2.51,0,
10266,17045600,17055500,3.787,0,
10604,15420300,15410400,1.977,0,
10185,14320600,14310700,1.717,0,
10182,14290100,14280200,4.377,0,
10196,14210900,14221600,3.317,0,
10201,14000400,14140800,1.716,0,
10203,14130900,14050900,2.27,0,
10208,14080600,14070700,1.541,0,
10213,14050900,14150700,0.975,0,
10159,19113000,17845900,2.39,0,
10158,17845900,17855800,2.55,0,
10167,13430400,14540900,2.182,0,
10822,19124700,14383400,1.222,0,
10877,15223100,19114800,2.919,0,
8988,19205400,13336300,3.589,0,
8985,19208800,15526700,1.825,0,
8979,19200500,13056700,3.895,0,
11093,15760200,19105600,0.053,0,
10913,13820600,13810700,3.806,0,
10916,13790100,13780200,6.561,0,
10917,13780200,13750500,7.334,0,
25013,13750500,19041300,1.624,0,
10069,13540000,13541800,0.513,0,
10071,13500400,13490800,2.371,0,
10074,13470000,13460100,2.94,0,
10077,13420500,13450200,4.376,0,
10080,13410600,13400700,2.653,0,
10082,13390000,13370200,3.95,0,
10402,13486600,13516000,7.836,0,
10408,13516000,13527700,4.282,0,
10486,15826100,15816200,5.765,0,
10103,13101100,18101600,6.813,0,
10146,17445800,17425000,2.512,0,
10145,17425000,17435900,1.603,0,
10140,17495300,17475500,4.518,0,
10345,17535600,17505900,1.723,0,
10049,18115600,18165100,4.265,0,
10057,18325100,18335000,2.29,0,
10058,18335000,10045300,0.68,0,
10047,18295600,18285700,3.12,0,
11036,15010200,15502800,2.92,0,
11101,16400400,16420200,1.823,0,
10798,14940100,14930200,0.881,0,
10800,14890800,14880900,4.31,0,
10802,14900500,14860100,3.076,0,
10805,14830400,14850200,4.432,0,
10814,14560700,14550800,4.151,0,
10010,17995200,17985300,4.25,0,
25001,15750300,15760200,2.196,0,
25002,19105600,16350100,6.827,0,
10907,13890900,13880000,1.17,0,
10912,13840400,13820600,7.825,0,
10265,17035700,17045600,3.286,0,
10263,17015900,17025800,6.4,0,
10249,13786900,16546400,1.623,0,
10607,15390800,15380900,3.427,0,
10194,14330500,14320600,4.727,0,
10172,19112200,13260500,0.91,0,
10199,19012400,13300900,5.133,0,
10150,18945600,17585100,1.241,0,
10608,15010200,19110600,1.438,0,
11006,16860900,16950800,2.732,0,
11009,16820300,16810400,5.34,0,
10132,19024900,18895300,0.677,0,
10895,13363700,13353800,5.358,0,
10223,13596200,19009000,1.493,0,
25066,13606900,14506000,1.97,0,
25067,14506000,19127000,1.967,0,
10282,19009000,14516900,1.528,0,
10438,13206800,14616700,5.11,0,
10317,14996300,15006000,5.176,0,
10315,14986400,15016900,6.328,0,
10314,15016900,13326400,6.01,0,
10566,17325200,17315300,6.254,0,
10562,17345000,17325200,1.416,0,
10565,17295700,17345000,2.658,0,
10691,17255100,19017300,0.866,0,
10692,18055400,19017300,0.725,0,
10675,15456700,15486400,3.726,0,
10681,15536600,15546500,3.826,0,
10688,17215500,17235300,4.111,0,
10696,17285800,17275900,2.953,0,
10702,15386600,16036600,2.624,0,
10454,19021500,14966600,0.32,0,
10458,14856900,14836100,3.73,0,
10470,14916100,14956700,5.115,0,
10471,14956700,14926000,1.99,0,
10340,13946900,13936000,0.554,0,
10341,13936000,13926100,0.59,0,
10296,14256200,14216600,2.561,0,
10297,14216600,14236400,3.594,0,
10302,14166300,14156400,4.755,0,
10305,14146500,14126700,5.572,0,
10309,14166300,14186100,1.22,0,
10360,14416200,14396600,4.544,0,
10362,14376800,14386700,2.86,0,
10364,16446700,16486300,2.55,0,
10022,14336200,14326300,5.241,0,
10332,15106800,15096100,6.552,0,
10333,15096100,15086200,3.592,0,
10526,13473400,13493200,1.851,0,
25035,18693200,19014000,1.872,0,
10638,15756000,19211200,0.069,0,
10268,17065400,17725300,2.57,0,
8982,19220300,14520100,2.411,0,
8975,19225200,16780900,1.259,0,
8998,19214600,15470800,4.383,0,
10926,13680400,13660600,7.795,0,
11130,16890600,16900300,8.082,0,
11132,16910200,16920100,15.124,0,
11136,18510800,18500900,12.331,0,
11014,19006600,19005800,0.878,0,
10059,13600200,13610100,3.939,0,
10061,13580600,13570700,5.171,0,
10400,13466800,13496500,5.735,0,
10483,14906200,18956300,4.141,0,
10487,15816200,13436100,8.315,0,
10095,13220900,13200100,2.907,0,
10097,13210000,13171400,5.883,0,
10139,13071600,13091400,1.368,0,
10118,17785700,18895300,3.097,0,
10122,19007400,17865700,1.614,0,
10142,17645300,17635400,2.652,0,
10344,17930900,17535600,1.31,0,
10352,17775800,17745100,1.873,0,
10040,18195800,18205500,1.155,0,
10046,18375600,18295600,3.487,0,
11107,19026400,16940900,0.399,0,
10993,15930100,15900400,4.563,0,
10996,15870900,15890700,1.642,0,
10998,15880800,15860000,4.611,0,
25005,15800600,15780000,5.556,0,
10791,13490800,19107200,3.465,0,
10793,13520200,14980700,1.634,0,
10795,14950000,14960900,1.272,0,
10804,14870000,14830400,4.377,0,
10813,14580500,14560700,4.008,0,
10032,18225300,18215400,2.628,0,
10033,18215400,18155200,4.679,0,
10130,19016500,15740400,1.19,0,
10480,15806300,15796600,5.659,0,
10481,15796600,15786700,2.406,0,
10255,13836200,13837000,2.948,0,
11122,16546400,13806500,0.62,0,
10193,14340400,14330500,4.233,0,
10198,14400600,14170500,3.358,0,
10202,14140800,14130900,0.741,0,
10211,14040000,14030100,5.124,0,
11004,16870800,16830200,2.791,0,
11011,16720500,16710600,2.27,0,
10974,16660300,16670200,2.508,0,
10890,15133200,15173800,4.208,0,
10544,13113600,13093000,5.366,0,
10844,13423900,13403100,5.687,0,
10775,14733000,14713200,1.642,0,
10380,19010800,13216700,4.277,0,
10387,13316500,13296900,6.573,0,
10394,13406400,13416300,4.701,0,
10399,13456900,13466800,7.539,0,
10243,13726500,13776000,2.347,0,
10377,13136700,13166400,7.687,0,
10373,13066600,13076500,3.486,0,
10375,13056700,13046800,2.376,0,
10366,13016100,13026000,4.247,0,
10367,13026000,10146900,2.675,0,
10417,14076400,14066500,4.998,0,
10415,14046700,14086300,4.991,0,
10420,13116900,14016000,3.675,0,
10427,14576300,14586200,10.362,0,
10435,19010800,14516900,1.323,0,
10564,19017300,17295700,8.027,0,
10660,15286800,15276900,4.599,0,
10662,15296700,19126200,0.436,0,
10664,15306400,15316300,2.208,0,
10667,15336100,15396500,2.552,0,
10671,15416100,15446800,2.077,0,
10169,14530000,19220300,1.112,0,
10683,15556400,15566300,1.833,0,
10684,15566300,15576200,2.374,0,
10689,17235300,17245200,4.847,0,
10697,15406200,15356900,4.563,0,
10779,15956600,15946700,3.087,0,
10707,15986300,15976400,2.286,0,
10482,14906200,19021500,2.569,0,
25053,19135300,14316400,0.036,0,
10300,18236000,14176200,3.774,0,
25043,13016100,19135300,5.905,0,
10020,14316400,14306500,1.616,0,
10327,15146400,15156300,2.345,0,
10014,17115700,17125600,3.172,0,
10521,13523600,13533500,3.044,0,
10533,18233700,13233200,2.184,0,
10534,13233200,13223300,1.836,0,
10461,14816300,19207000,2.72,0,
25074,13206800,13596200,4.166,0,
8999,19210400,17335100,1.487,0,
8991,19206200,14668800,1.631,0,
8981,19224500,19109800,4.871,0,
8980,19217900,14821300,2.713,0,
10275,17385600,19202100,0.941,0,
11013,19006600,16690000,1.224,0,
10767,18803700,14803100,0.931,0,
10741,16326100,16316200,2.182,0,
10382,13256300,13246400,3.517,0,
10391,13336300,13386800,5.284,0,
10316,15006000,14986400,4.213,0,
10666,15326200,15336100,3.237,0,
10669,15406200,15426000,3.878,0,
25010,13380100,19224500,1.551,0,
10682,15546500,15556400,1.484,0,
10706,15996200,15986300,2.718,0,
10456,14866800,14846000,5.522,0,
10457,14846000,14856900,2.327,0,
10460,14826200,14816300,3.84,0,
10466,14756100,14736300,3.665,0,
10451,14716500,14726400,1.92,0,
25054,19132000,14296800,0.252,0,
10293,14276000,14266100,3.294,0,
10303,14156400,14136600,4.486,0,
10313,14296800,14286900,1.569,0,
10354,19023100,14446900,2.994,0,
10363,14386700,16446700,2.849,0,
10928,19001700,13620000,2.343,0,
10504,18693200,13693700,4.322,0,
10233,13656400,19201300,0.909,0,
8992,19207000,14806400,1.617,0,
8987,19204700,13316500,2.59,0,
8986,19226000,19132000,0.166,0,
8977,19223700,15990500,3.267,0,
10980,16790800,19225200,1.759,0,
10004,17655200,19033000,0.51,0,
10168,14540900,14530000,2.251,0,
10154,17675000,17595000,3.998,0,
10149,17585100,17625500,3.944,0,
10148,17625500,17465600,2.598,0,
10166,13420500,13430400,1.358,0,
10975,16670200,16680100,1.714,0,
10982,16800500,15980600,3.965,0,
10894,14343800,14323000,1.373,0,
10766,13223300,18803700,7.185,0,
10388,13296900,13326400,6.944,0,
10225,13606900,13616800,6.084,0,
10371,13106000,13086400,6.689,0,
25064,13216700,19128800,1.632,0,
10428,14576300,10046100,2.396,0,
10017,17155300,17165200,2.48,0,
10337,13906300,13916200,1.062,0,
10618,13436100,15216500,6.251,0,
10665,15316300,15326200,1.961,0,
10670,15426000,15416100,2.03,0,
10679,15526700,15196900,2.919,0,
10778,15356900,15956600,2.892,0,
10782,15936800,15906100,6.848,0,
25026,15366800,19131200,0.035,0,
10464,14776900,14766000,4.125,0,
10448,14686000,14696900,1.407,0,
10447,14666200,14686000,2.449,0,
25044,13837000,13856000,3.381,0,
10320,15026800,13676200,7.429,0,
10295,14246300,14256200,3.943,0,
10304,14136600,14146500,5.573,0,
10025,14366900,10126100,2.546,0,
10328,15156300,15136500,3.002,0,
10002,14476600,14466700,4.002,0,
10003,14466700,10106300,4.897,0,
10500,13783600,13753900,6.481,0,
10527,13493200,18493700,1.772,0,
10488,10013100,13873500,0.772,0,
10445,14676100,19206200,2.492,0,
10678,15516800,19208800,1.576,0,
10923,13710900,13700000,3.141,0,
10925,13690300,13680400,2.445,0,
10927,13660600,19001700,2.749,0,
10067,13550900,13530100,2.744,0,
25022,13526900,10036200,13.81,0,
10633,15616600,15606700,2.629,0,
10099,13161500,13141700,5.099,0,
10138,13081500,13071600,3.435,0,
10108,13041900,13061700,2.254,0,
10114,17475500,17485400,3.666,0,
10117,17825100,17785700,3.881,0,
10278,17405200,17415100,1.969,0,
10346,17505900,17515800,3.111,0,
10051,18145300,18315200,2.498,0,
10053,18415000,18395400,1.161,0,
10041,18205500,18185900,2.731,0,
10042,18185900,18365700,1.602,0,
10043,18365700,18355800,1.877,0,
10044,18355800,18345900,3.55,0,
10048,18285700,18275800,1.756,0,
11103,16430100,16410300,2.59,0,
10986,15990500,16000200,2.162,0,
10987,16000200,15960800,1.91,0,
10988,15960800,15940000,3.272,0,
11000,15810500,15800600,3.096,0,
10796,14960900,14970800,4.181,0,
10797,14970800,14940100,2.265,0,
10801,14880900,14900500,4.867,0,
10803,14860100,14870000,4.313,0,
10809,14610000,14600100,2.918,0,
10030,18245100,18235200,4.905,0,
10031,18235200,18225300,1.854,0,
11087,15720600,16960700,3.009,0,
10476,13336300,13356100,2.847,0,
10248,18687400,13786900,3.129,0,
10600,15460900,15440100,3.689,0,
10179,14270300,14260400,1.782,0,
10178,14260400,14250500,1.974,0,
10170,13260500,13250600,1.12,0,
10209,14070700,14060800,1.408,0,
10210,14060800,14040000,2.529,0,
10216,14190300,14180400,1.265,0,
10217,14180400,19011600,1.392,0,
10160,17795600,19113000,2.879,0,
10151,17605700,18945600,2.028,0,
10161,13360300,19108000,3.757,0,
11012,16710600,19006600,3.802,0,
10973,16640500,16660300,1.427,0,
10977,16760100,16770000,2.942,0,
9010,19033000,17725300,0.846,0,
10557,13963400,19024900,0.981,0,
10384,13266200,13276100,3.971,0,
10385,13276100,13286000,3.125,0,
10398,13446000,13456900,6.027,0,
10242,13736400,13726500,3.383,0,
10228,13636600,13626700,2.447,0,
10414,14056600,14046700,5.6,0,
10412,14026900,14036800,3.947,0,
10411,13126800,14026900,4.13,0,
10409,13096300,19123900,4.067,0,
25065,19128800,19009000,3.144,0,
10429,14516900,14616700,2.066,0,
10016,17105800,17155300,2.273,0,
10786,13183900,14613400,7.868,0,
10663,19126200,15306400,3.154,0,
10672,15446800,15476500,2.0,0,
10680,15196900,15536600,2.112,0,
10686,15586100,17205600,2.711,0,
10687,17205600,17215500,3.755,0,
10776,15336100,15346000,1.893,0,
10777,15346000,15356900,1.969,0,
10699,15356900,15366800,1.221,0,
10704,16026700,16016800,1.71,0,
10455,14966600,14866800,3.508,0,
10462,14806400,14796700,4.159,0,
10463,14796700,14776900,7.642,0,
10449,14696900,14706600,3.679,0,
10442,14626600,14646400,3.859,0,
10469,14946800,14916100,1.471,0,
10473,15866700,15886500,2.137,0,
10338,13916200,13955000,1.468,0,
10339,13955000,13946900,1.223,0,
10310,14186100,14196000,2.416,0,
10355,14446900,14456800,5.544,0,
10356,14456800,14436000,2.246,0,
10326,15176100,15146400,3.56,0,
10012,14476600,14486500,2.337,0,
10013,14486500,17115700,1.85,0,
10735,16116600,19029800,2.173,0,
10511,18003400,13613500,6.222,0,
10530,19027200,18233700,0.271,0,
10781,15926900,19209600,0.667,0,
10900,13303300,19215300,2.844,0,
10390,13346200,19205400,1.827,0,
25056,12601100,19214600,0.806,0,
8996,19219500,13310800,0.858,0,
8989,19209600,15936800,1.604,0,
8978,19221100,15720600,0.566,0,
10088,13330600,19219500,3.832,0,
11137,18500900,13020300,9.352,0,
10062,13570700,13560800,1.9,0,
10064,13560800,19015700,1.315,0,
10484,18956300,15836000,2.946,0,
10485,15836000,15826100,7.616,0,
10628,15666100,15646300,3.229,0,
10089,13310800,13320700,2.735,0,
10107,13091400,13041900,3.473,0,
10110,13051800,13031000,5.097,0,
10115,17485400,17835000,1.949,0,
10056,18385500,18325100,1.613,0,
10910,13740600,19028000,2.964,0,
10924,13700000,13690300,2.093,0,
11138,10090900,19999200,3.208,0,
11134,16920100,19101500,5.664,0,
11133,19101500,18740100,11.478,0,
10068,13530100,13540000,2.132,0,
10081,13400700,13390000,2.763,0,
10403,13527700,13526900,2.234,0,
10100,13141700,13151600,3.352,0,
10106,13081500,13091400,4.803,0,
10119,18895300,17895400,1.716,0,
10120,17895400,17875600,9.365,0,
10050,18165100,18145300,2.58,0,
10054,18395400,18305300,1.671,0,
11104,16410300,16440000,3.636,0,
22003,19025600,14390900,1.632,0,
10991,15970700,15920200,3.475,0,
10812,14570600,14580500,2.132,0,
10029,18265900,18245100,3.375,0,
11096,16350100,16370900,5.827,0,
11098,19122100,16390700,3.729,0,
10906,13860200,13890900,1.09,0,
10909,13870100,13850300,2.089,0,
10479,13376900,15806300,1.832,0,
10250,13806500,19022300,3.929,0,
25030,15440100,15430200,4.859,0,
10606,15400500,15390800,5.342,0,
11125,19111400,15240500,1.933,0,
10184,14310700,14300800,2.122,0,
10183,14300800,14290100,1.455,0,
10180,19020700,14270300,0.651,0,
25031,14240600,14210900,2.036,0,
10157,17855800,17685900,2.223,0,
25048,19129600,19130400,0.0,0,
10319,14986400,15026800,6.766,0,
10294,14266100,14246300,2.381,0,
10358,14426100,14406300,5.694,0,
10359,14406300,14416200,5.927,0,
10361,14396600,14376800,5.713,0,
10365,16486300,10116200,0.585,0,
10023,14326300,14346100,2.654,0,
10324,15186000,15166200,2.461,0,
10334,15086200,13876800,3.294,0,
10929,13620000,13600200,1.471,0,
10512,13613500,13603600,4.759,0,
10826,14433700,14443600,3.227,0,
10374,13076500,19200500,1.557,0,
25042,14206700,19226000,3.286,0,
8997,19218700,13210000,3.244,0,
8993,19203900,18687400,0.215,0,
8990,19201300,13666300,2.399,0,
10274,17395500,17385600,0.938,0,
10914,13810700,13800800,4.003,0,
10915,13800800,13790100,3.867,0,
10919,19028000,13730700,2.776,0,
11129,10010700,16890600,2.382,0,
11131,16900300,16910200,10.865,0,
25015,13750500,19040500,1.506,0,
10066,19015700,13550900,5.317,0,
10070,13541800,13500400,4.752,0,
10073,13480900,13470000,2.288,0,
10079,13440300,13410600,1.342,0,
10623,15696800,15676000,4.222,0,
10101,13151600,13131800,3.807,0,
10102,13131800,13101100,3.896,0,
10104,18101600,13181300,3.373,0,
10109,13061700,13051800,3.116,0,
10116,17835000,17825100,3.799,0,
10141,17635400,17495300,4.256,0,
10347,17515800,17525700,2.935,0,
10491,18008300,13833900,2.494,0,
22004,14390900,19026400,1.439,0,
11109,16930000,10040400,1.404,0,
10989,15780000,15750300,4.198,0,
10792,19107200,13520200,0.789,0,
10799,14930200,14890800,2.436,0,
10808,14620900,14610000,3.628,0,
10028,18255000,18265900,1.812,0,
10011,10095800,17995200,1.065,0,
10008,17545500,17575200,2.497,0,
10006,17555400,17565300,3.669,0,
11100,16380800,16400400,4.063,0,
10908,13880000,13870100,2.421,0,
10478,13366000,13376900,3.706,0,
10260,13866900,13896600,3.686,0,
10259,13846100,13866900,2.221,0,
10603,15430200,15420300,2.263,0,
10204,14050900,14120000,0.538,0,
10205,14120000,14110100,0.526,0,
10206,14110100,14100200,1.059,0,
10162,19108000,13380100,1.529,0,
11007,16950800,16840100,2.794,0,
10573,15103500,13633300,3.897,0,
10556,13013800,13963400,3.841,0,
10861,13233200,19019900,1.022,0,
10896,13353800,13333000,6.59,0,
10381,13216700,13256300,3.99,0,
10383,13246400,13266200,4.263,0,
10389,13326400,13346200,5.863,0,
10379,13176300,13206800,3.185,0,
10378,13166400,13176300,1.969,0,
10413,14036800,14056600,4.014,0,
10421,14016000,14006100,4.046,0,
10287,19127000,13216700,0.931,0,
10431,14506000,19128800,1.341,0,
10426,14586200,10016400,4.233,0,
10437,14516900,14536700,2.767,0,
10288,19010800,19009000,1.316,0,
10318,13716600,14996300,7.586,0,
10015,17125600,17105800,2.163,0,
10018,17165200,17145400,2.997,0,
10651,14123400,19117100,3.101,0,
10656,15206600,15256100,4.138,0,
10674,15466600,15456700,2.509,0,
10676,15486400,15506900,3.801,0,
10780,15946700,15926900,4.076,0,
10701,15376700,15386600,1.096,0,
10444,14656300,14676100,2.484,0,
10468,14906200,14946800,2.95,0,
10472,14926000,15866700,2.292,0,
10475,15876600,15856800,5.396,0,
25051,19041300,13740600,6.188,0,
25052,19040500,19041300,0.719,0,
25055,19131200,15376700,1.619,0,
10301,14176200,14166300,1.871,0,
10306,14126700,14116800,4.038,0,
10311,14196000,14206700,2.76,0,
10322,15067200,15066400,2.851,0,
10323,15196900,15186000,5.07,0,
10330,15126600,15116700,4.54,0,
22104,13601000,13600200,1.826,0,
10505,13693700,19014000,0.532,0,
10513,13603600,13593900,4.624,0,
10522,13533500,13513700,3.654,0,
10561,17355900,19210400,3.522,0,
10247,13796800,19203900,0.268,0,
10543,13133400,19216100,0.922,0,
10386,13286000,19204700,4.055,0,
8995,19216100,13113600,4.315,0,
8994,19215300,13283700,3.794,0,
10096,13200100,19218700,3.092,0,
25075,19118900,14618300,1.695,0,
25076,14618300,14626600,2.117,0,
25077,19050400,12006300,0.0,0,
25078,13226600,19050400,0.339,0,
11102,16420200,16430100,2.68,0,
11105,16460800,16520900,5.14,0,
10990,15940000,15970700,3.669,0,
10992,15920200,15930100,2.76,0,
10794,14980700,14950000,1.747,0,
10810,14600100,14590400,1.381,0,
10819,14801500,14543300,5.471,0,
10009,17985300,17545500,2.465,0,
10063,13560800,19016500,0.851,0,
11088,16960700,15710700,1.189,0,
11089,15710700,15730500,1.701,0,
11097,16370900,19122100,0.005,0,
10262,13886700,17015900,5.255,0,
10251,19022300,13816400,1.466,0,
10246,13746300,13796800,6.441,0,
10605,15410400,15400500,2.506,0,
10181,14280200,19020700,1.284,0,
10177,14250500,14230700,1.344,0,
10176,14230700,14240600,4.152,0,
10173,14210900,14200000,3.611,0,
10195,19020700,14990600,2.397,0,
10214,14150700,14160600,0.665,0,
10215,14160600,14190300,1.639,0,
10153,17595000,17615600,1.387,0,
10152,17615600,17605700,3.108,0,
10165,19109800,14500300,0.922,0,
10598,15470800,15480700,3.243,0,
11005,16830200,16860900,1.584,0,
11008,16840100,16820300,3.56,0,
11010,16810400,16720500,2.862,0,
10976,16680100,16760100,4.012,0,
10979,16770000,16790800,2.802,0,
10981,16780900,16800500,5.105,0,
10577,14813000,14833800,4.171,0,
10227,18006700,13636600,2.565,0,
10224,19009000,13606900,1.703,0,
10372,13086400,13066600,8.498,0,
10407,13136700,10006500,3.62,0,
10289,14506000,19009000,1.926,0,
10424,14616700,13226600,6.166,0,
10563,17335100,17315300,7.135,0,
10657,15256100,15246200,3.407,0,
10658,15246200,15266000,3.673,0,
10659,15266000,15286800,2.847,0,
10661,15276900,15296700,3.205,0,
10815,14550800,19217900,2.687,0,
10694,17255100,17265000,5.166,0,
10785,19120500,13716600,2.235,0,
10703,16036600,16026700,1.296,0,
10705,16016800,15996200,1.581,0,
10459,14836100,14826200,4.033,0,
10465,14766000,14756100,3.581,0,
10453,14746200,14736300,2.904,0,
10452,14726400,14746200,3.543,0,
10443,14646400,14656300,1.781,0,
10440,14616700,19118900,3.867,0,
25312,13171400,19119700,9.463,0,
25313,19119700,13161500,1.399,0,
25316,12602900,15020100,0.053,0,
25317,17455700,17645300,2.08,0,
11128,15680200,15700800,2.618,0,
11079,15620800,15610900,1.554,0,
10191,14360200,14350300,4.426,0,
10615,15520000,15510100,3.145,0,
10189,14380000,14370100,3.194,0,
11075,15080500,15090400,2.383,0,
10616,15510100,15500200,1.652,0,
10611,15560600,15550700,6.011,0,
10188,14390900,14380000,3.886,0,
10190,14370100,14360200,4.716,0,
11084,15660400,15640600,2.253,0,
11080,15610900,15600000,1.315,0,
11124,15230600,19111400,2.771,0,
10613,15530900,15540800,1.5,0,
10610,15570500,15560600,1.846,0,
10617,15500200,15490600,1.492,0,
10717,16076200,16066300,5.289,0,
10113,13021100,17475500,3.581,0,
11126,15240500,15670300,4.708,0,
10112,13011200,13021100,1.857,0,
11074,15070600,15080500,1.079,0,
10612,15550700,15530900,0.95,0,
11076,15090400,15580400,2.728,0,
11073,15060700,15070600,2.092,0,
10609,19110600,15570500,3.801,0,
11083,15650500,15660400,3.273,0,
10614,15540800,15520000,1.942,0,
25088,15670300,15673700,0.029,0,
10192,14350300,14340400,4.552,0,
11082,15630700,15650500,1.722,0,
11077,15580400,15590300,1.978,0,
11078,15590300,15620800,3.533,0,
11081,15600000,15630700,2.222,0,
25329,16530800,19025600,1.01,0,
25330,10050300,15370000,2.09,0,
25331,15360100,15340300,3.669,0,
25332,15340300,15330400,2.461,0,
25333,15330400,15350200,2.223,0,
25334,15350200,15320500,2.186,0,
25335,15320500,15290000,3.752,0,
25336,13660600,19013200,2.084,0,
25337,15370000,15360100,1.83,0,
25340,19024900,17895400,1.588,0,
25342,13816400,19023100,1.448,0,
25345,13223300,19019900,1.243,0,
25346,14090500,14031900,3.303,0,
25347,14030100,14031900,1.689,0,
25348,19003300,14090500,1.327,0,
25082,13678800,13676200,0.59,0,
25084,13678800,13686100,4.424,0,
25086,15333800,12380200,0.079,0,
25087,12380200,15336100,2.868,0,
25089,15673700,15680200,2.555,0,
25321,17435900,17455700,2.513,0,
25339,18938100,18936500,0.786,0,
25355,16062200,16070500,3.515,0,
25356,13206800,13598800,4.166,0,
25357,13598800,19010800,1.225,0,
25370,19008200,19467000,2.166,0,
25371,17865700,19463900,1.806,0,
25372,19463900,19008200,1.463,0,
25410,13250600,19470400,3.803,0,
25323,13240700,14121800,2.423,0,
25324,14121800,13220900,2.377,0,
25411,19470400,13230800,3.364,0,
25412,13230800,19471200,2.501,0,
25413,19471200,13240700,1.454,0,
25429,15730500,19475300,3.073,0,
25430,19475300,15770100,0.303,0,
25431,16440000,19473800,2.791,0,
25432,19473800,16460800,6.789,0,
25433,13513700,19426600,1.792,0,
25435,18493700,19424100,2.75,0,
25436,19424100,19027200,2.029,0,
25437,13223300,19432400,6.31,0,
25438,19432400,13183900,4.734,0,
25092,15010200,12602900,4.267,0,
25093,15020100,12601100,2.647,0,
10934,13770300,16630600,5.911,0,
10951,16060600,16470700,3.577,0,
10952,16470700,16130700,1.341,0,
10953,16130700,16140600,4.209,0,
10954,16140600,16160400,2.698,0,
10955,16160400,16150500,2.9,0,
10956,16150500,16170300,2.545,0,
10957,16170300,16180200,2.8,0,
10958,16180200,16190100,4.662,0,
10959,16190100,16200800,2.262,0,
10960,16200800,16210700,2.248,0,
10961,16210700,16230500,1.677,0,
10962,16230500,16240400,2.048,0,
10963,16240400,16270100,2.812,0,
10966,16220600,16260200,1.55,0,
10969,16640500,18640300,7.56,0,
11016,16070500,16080400,2.5,0,
11017,16080400,16090300,0.736,0,
11018,16090300,16100000,2.896,0,
11021,16120800,16310500,3.482,0,
11022,16310500,16320400,2.86,0,
11023,16320400,16330300,1.7,0,
11024,16330300,16300600,1.56,0,
11025,16300600,16340200,4.13,0,
10983,15980600,15950900,3.15,0,
10978,15950900,15940000,1.476,0,
11110,15800600,15820400,3.437,0,
11111,15820400,15830300,3.142,0,
11112,15830300,15840200,1.45,0,
11113,15840200,15850100,0.859,0,
11114,15850100,16550600,5.698,0,
11115,16550600,16490500,2.533,0,
11116,16490500,16570400,4.093,0,
11117,16570400,16580300,2.372,0,
11120,16600900,16610800,3.326,0,
11121,16610800,16590200,4.911,0,
10065,19016500,19015700,0.9,0,
25050,19040500,13760400,0.081,0,
25079,16260200,10060200,13.03,0,
25322,19027200,13233200,2.455,0,
25327,14326300,10136000,3.189,0,
25328,16520900,16530800,1.852,0,
25445,19451400,17065400,2.512,0,
25446,17055500,19451400,0.833,0,
25447,19453000,13886700,3.325,0,
25448,13896600,19453000,0.261,0,
25449,19455500,13846100,4.217,0,
25450,13856000,19455500,0.109,0,
25451,19457100,13836200,1.005,0,
25452,13826300,19457100,4.083,0,
25453,19401900,13746300,2.934,0,
25454,13776000,19401900,5.085,0,
25455,19403500,13736400,0.638,0,
25456,13716600,19403500,3.47,0,
25457,19405000,13716600,3.995,0,
25458,13696000,19405000,4.161,0,
25459,19407600,13696000,4.296,0,
25460,13676200,19407600,4.785,0,
25461,19408400,13678800,3.957,0,
25462,13666300,19408400,4.393,0,
25463,19411800,13656400,2.328,0,
25464,13646500,19411800,5.881,0,
25465,19412600,13646500,3.666,0,
25466,13626700,19412600,3.11,0,
25467,13720800,19603000,3.248,0,
25468,19603000,13710900,3.658,0,
25472,18640300,19609700,5.466,0,
10395,13416300,13426200,3.693,0,
25481,19601400,14811400,5.038,0,
25473,19609700,18730200,2.274,0,
25474,16580300,19602200,1.503,0,
25475,19602200,16600900,1.186,0,
25476,15740400,19608900,0.592,0,
25477,19608900,19221100,1.072,0,
25483,19612100,13523600,1.511,0,
10392,13386800,13396700,7.222,0,
25489,14236400,19610500,3.225,0,
25490,19610500,18236000,1.326,0,
10393,13396700,13406400,3.855,0,
25521,19607100,13770300,1.023,0,
25480,14821300,19601400,2.015,0,
25538,13760400,19607100,2.743,0,
25020,18935700,19008200,2.028,0,
10947,16010100,19222900,2.532,0,
10936,16620700,16640500,7.222,0,
10948,16050700,16040800,5.337,0,
10964,16270100,16250300,1.702,0,
8976,19222900,16050700,1.619,0,
25069,16040800,16060600,1.057,0,
25073,16250300,16220600,2.476,0,
10935,16630600,16620700,1.835,0,
11123,15170400,15230600,0.898,0,
11043,15280100,15260300,3.855,0,
25006,15250400,18004200,4.562,0,
11050,15190200,15170400,2.002,0,
11064,15290000,19001700,1.105,0,
11048,15210800,15200900,2.043,0,
11047,18004200,15210800,1.06,0,
11044,15260300,15250400,3.444,0,
11049,15200900,15190200,3.498,0,
11051,15170400,18001800,3.909,0,
26151,15333800,15336100,2.947,0,
26152,15333800,15336100,2.947,0,
26153,15333800,15336100,2.947,0,
26154,15333800,15336100,2.947,0,
10636,15726300,15736200,1.235,0,
10745,16286700,16266900,6.472,0,
10635,15746100,15726300,4.46,0,
10634,15716400,15746100,4.218,0,
10744,16296600,16286700,8.873,0,
25562,13270400,19480300,2.096,0,
25563,19480300,13250600,3.709,0,
25564,19479500,13273800,3.623,0,
25565,13273800,13270400,0.321,0,
25566,13320700,19479500,0.906,0,
10036,18115600,18175000,4.293,0,
10037,18175000,10085900,2.419,0,
10349,17765900,17755000,0.904,0,
10350,17755000,17935800,1.256,0,
25553,13370200,13360300,4.712,0,
10027,19018100,18255000,3.955,0,
10307,14116800,13036900,5.635,0,
10308,13036900,13016100,3.244,0,
25544,17865700,19035500,0.613,0,
25546,18936500,19037100,1.57,0,
25545,18936500,18939900,0.612,0,
10397,13436100,13446000,6.499,0,
10806,14850200,14840300,2.901,0,
10807,14840300,14620900,6.358,0,
10396,13426200,13436100,6.287,0,
25415,19440700,18925800,3.563,0,
25414,17415100,19440700,1.627,0,
25421,17695800,19445600,4.19,0,
25420,19445600,17715400,0.295,0,
25559,17925900,19478700,0.909,0,
25560,19478700,17930900,1.27,0,
25561,17375700,17365800,1.612,0,
25522,19443100,17375700,1.936,0,
25523,19616200,15666100,0.7,0,
25524,19441500,17405200,4.077,0,
25525,19447200,17695800,2.188,0,
25526,17365800,19441500,3.764,0,
25527,19202100,19443100,1.517,0,
25528,19461300,19447200,2.026,0,
25529,19459700,19449800,1.905,0,
25530,17735200,19459700,0.23,0,
25531,19449800,19461300,1.358,0,
25534,18686600,19614700,1.1,0,
25535,19614700,19616200,0.2,0,
10516,13553300,13573100,3.165,0,
10280,18925800,19018100,1.645,0,
25556,17725300,17735200,3.175,0,
25552,19803600,19008200,1.089,0,
10588,13743000,13733100,4.222,0,
10587,10003200,13743000,2.134,0,
10590,13723200,13693700,2.864,0,
10589,13733100,13723200,2.543,0,
10788,13213400,14603500,2.462,0,
10787,14613400,13213400,4.826,0,
10789,14603500,14633200,2.376,0,
10790,14633200,14623300,2.205,0,
10575,13653100,14823900,5.215,0,
10576,14823900,14813000,2.213,0,
10571,19130400,15123300,1.223,0,
10584,14963300,14943500,3.238,0,
10578,14833800,14843700,2.69,0,
10570,13943600,13613500,4.25,0,
10582,14913800,14953400,4.14,0,
10583,14953400,14963300,4.13,0,
10572,15123300,15103500,8.711,0,
10591,14833800,14853600,3.591,0,
10595,14873400,14883300,0.664,0,
10567,19129600,13673900,2.22,0,
10581,14903900,14913800,2.536,0,
10592,14853600,14863500,3.544,0,
10569,13663000,13943600,2.712,0,
10594,19116300,14873400,0.375,0,
10579,14843700,14893200,2.904,0,
10593,14863500,19116300,1.683,0,
10574,13613500,13653100,1.48,0,
25037,14943500,14973200,5.484,0,
10580,14893200,14903900,3.04,0,
10568,13673900,13663000,2.444,0,
10836,14323000,14333900,1.358,0,
10893,14293500,14323000,3.142,0,
10827,14443600,14453500,1.549,0,
10849,14213300,14203400,3.662,0,
10858,14283600,14303200,2.7,0,
10857,14253900,14283600,2.625,0,
10850,14203400,14233100,3.581,0,
25315,19137900,14463400,0.117,0,
10859,14303200,14293500,2.166,0,
25036,14233100,14223200,4.816,0,
10831,14483200,14513600,4.314,0,
10847,13363700,13393400,4.258,0,
10828,14453500,14473300,0.41,0,
10838,14353700,14363600,1.79,0,
10834,14503700,14533400,1.158,0,
10824,14413900,14423800,4.961,0,
10821,14393300,19124700,3.633,0,
10835,14533400,14543300,5.302,0,
10854,14223200,14263800,2.391,0,
10833,14523500,14503700,2.257,0,
10820,14373500,14393300,1.71,0,
10839,14363600,14373500,2.435,0,
25314,14473300,19137900,0.45,0,
10125,17865700,18935700,1.411,0,
25344,19008200,18936500,0.452,0,
25541,19007400,19035500,2.483,0,
25542,19035500,18937300,0.802,0,
25543,19035500,18935700,0.802,0,
25547,18939900,19037100,0.977,0,
25549,10000800,19801000,0.262,0,
25550,19801000,13860200,3.93,0,
25551,18935700,19803600,0.884,0,
25557,13450200,19104900,0.213,0,
10075,13460100,13420500,6.789,0,
25558,19104900,13440300,2.262,0,
10368,13136700,13146600,3.732,0,
11056,18002600,15150600,5.023,0,
11039,18060400,15040900,3.61,0,
11038,15040900,15030000,3.054,0,
25428,19477900,15120900,0.894,0,
11063,15120900,15060700,2.634,0,
11040,15060700,18060400,3.489,0,
25479,19606300,15110000,3.082,0,
11058,15130800,18005900,3.502,0,
11053,15180300,15140700,4.685,0,
11037,15030000,15010200,2.322,0,
11054,15140700,15160500,4.144,0,
11055,15160500,18002600,0.207,0,
11042,19013200,15280100,4.606,0,
11052,18001800,15180300,0.337,0,
11057,15150600,15130800,6.311,0,
25427,15110000,19477900,3.467,0,
25478,18005900,19606300,1.77,0,
11041,15290000,19013200,1.501,0,
10252,19022300,19023100,0.88,0,
25343,18937300,19008200,2.02,0,
25540,19605500,19223700,0.596,0,
10937,16640500,16650400,5.283,0,
25539,16010100,19605500,3.481,0,
25354,16040800,16062200,1.071,0,
11020,16110900,16120800,0.871,0,
11019,16100000,16110900,1.742,0,
10848,13393400,14213300,1.508,0,
10853,14263800,19125400,2.984,0,
10830,14463400,14483200,2.513,0,
10856,14273700,14253900,1.983,0,
10825,14423800,14433700,3.682,0,
10823,14383400,14413900,1.228,0,
10837,14333900,14353700,4.44,0,
10855,19125400,14273700,0.428,0,
10946,16020000,16010100,2.712,0,
10945,16030900,16020000,3.171,0,
10944,16750200,16030900,2.373,0,
10943,16730400,16750200,5.986,0,
10940,19005800,16700700,1.15,0,
10942,16740300,16730400,2.936,0,
10938,16650400,16690000,5.38,0,
10832,14513600,14523500,1.097,0,
10510,13623400,18003400,0.632,0,
10490,13863600,18008300,1.467,0,
10492,13833900,13853700,2.135,0,
11032,15512700,19213800,2.317,0,
10939,16690000,19005800,1.339,0,
10941,16700700,16740300,4.242,0,
25548,19037100,17915000,2.937,0,
26103,13966700,13963400,1.394,0,
26104,13013800,13966700,2.447,0,
26105,13966700,13963400,1.394,0,
26106,13013800,13966700,2.447,0,
26107,13966700,13963400,1.394,0,
26108,13013800,13966700,2.447,0,
26109,13966700,13963400,1.394,0,
26110,13013800,13966700,2.447,0,
26111,13966700,13963400,1.394,0,
26112,13013800,13966700,2.447,0,
26113,13966700,13963400,1.394,0,
26114,13013800,13966700,2.447,0,
26115,13966700,13963400,1.394,0,
26116,13013800,13966700,2.447,0,
26117,13966700,13963400,1.394,0,
26118,13013800,13966700,2.447,0,
26119,13966700,13963400,1.394,0,
26120,13013800,13966700,2.447,0,
26121,13966700,13963400,1.394,0,
26122,13013800,13966700,2.447,0,
26123,13966700,13963400,1.394,0,
26124,13013800,13966700,2.447,0,
26125,13966700,13963400,1.394,0,
26126,13013800,13966700,2.447,0,
26127,13966700,13963400,1.394,0,
26128,13013800,13966700,2.447,0,
26129,13966700,13963400,1.394,0,
26130,13013800,13966700,2.447,0,
10846,13383500,13363700,1.38,0,
10539,13173000,13153200,5.65,0,
10874,15293400,15283500,3.766,0,
10875,15283500,15273600,2.495,0,
10555,13023700,13013800,4.038,0,
10842,13463500,13453600,1.823,0,
10550,13073200,13063300,2.569,0,
10863,13803200,13823000,1.531,0,
10538,13193800,13173000,5.492,0,
10840,13263900,13443700,4.768,0,
10901,13283700,13293600,6.261,0,
10868,15053200,15073000,3.022,0,
10872,15313000,15303100,2.022,0,
10546,13103700,18093500,0.853,0,
25439,13063300,19422500,1.049,0,
10843,13453600,13423900,2.562,0,
10865,15093800,15043300,1.752,0,
10553,13043500,13033600,4.555,0,
10899,13313200,13303300,6.629,0,
10862,19019900,13263900,0.095,0,
10541,13163100,13123500,9.314,0,
10883,15213200,15304900,2.402,0,
10548,13083100,13053400,1.503,0,
26075,13966700,13963400,1.394,0,
10867,15033400,15053200,4.228,0,
10882,15233000,15213200,2.805,0,
10537,13183900,13193800,3.652,0,
10845,13403100,13383500,2.073,0,
10540,13153200,13163100,2.086,0,
25440,19422500,13043500,2.593,0,
10873,15303100,15293400,1.211,0,
10898,13323100,13313200,2.126,0,
10864,13823000,15093800,3.943,0,
10841,13443700,13463500,1.961,0,
26076,13013800,13966700,2.447,0,
10866,15043300,15033400,4.165,0,
10545,13093000,13103700,3.694,0,
10884,15304900,15203300,1.174,0,
10547,18093500,13083100,3.861,0,
10887,15143100,15153000,4.414,0,
10880,19115500,15243900,0.401,0,
10879,15263700,19115500,1.137,0,
10891,15173800,15193600,4.684,0,
10897,13333000,13323100,5.599,0,
10869,15073000,15083900,1.802,0,
10870,15083900,15323900,1.418,0,
10881,15243900,15233000,1.136,0,
10554,13033600,13023700,4.418,0,
10885,15203300,15183700,1.538,0,
10871,15323900,15313000,2.467,0,
10902,13293600,18093500,1.442,0,
10886,14373500,15143100,4.344,0,
10549,13053400,13073200,3.268,0,
10876,15273600,15223100,1.908,0,
22007,19114800,15263700,0.206,0,
10892,15193600,15183700,7.17,0,
10889,15163900,15133200,1.491,0,
26077,13966700,13963400,1.394,0,
26078,13013800,13966700,2.447,0,
10762,14693600,14683700,1.909,0,
10758,14653000,14663900,1.584,0,
25485,19618800,16386500,2.928,0,
10753,16426900,15404700,8.621,0,
10757,15434400,19212000,1.805,0,
10769,14793400,14773600,2.174,0,
10768,14803100,14793400,1.825,0,
10752,16396400,16426900,5.797,0,
10770,14773600,14783500,1.164,0,
10756,15414600,15434400,4.157,0,
10750,16386500,16406100,3.43,0,
10774,14743900,14733000,6.74,0,
10773,14763700,14743900,3.833,0,
26079,13966700,13963400,1.394,0,
10765,14703300,14723100,3.96,0,
10751,16406100,16396400,4.105,0,
10771,14783500,14753800,6.043,0,
10772,14753800,14763700,2.15,0,
10748,16326100,16336000,4.778,0,
10759,14663900,14673800,2.802,0,
10754,15404700,15424500,5.071,0,
10760,14673800,14643100,1.292,0,
26080,13013800,13966700,2.447,0,
8984,19212000,14653000,0.576,0,
10763,14723100,14713200,2.363,0,
25484,16336000,19618800,1.822,0,
10761,14643100,14693600,7.928,0,
10755,15424500,15414600,2.713,0,
10764,14683700,14703300,4.241,0,
26081,13966700,13963400,1.394,0,
26082,13013800,13966700,2.447,0,
26083,13966700,13963400,1.394,0,
26084,13013800,13966700,2.447,0,
10342,17915000,17925900,2.517,0,
26085,13966700,13963400,1.394,0,
26086,13013800,13966700,2.447,0,
26087,13966700,13963400,1.394,0,
26088,13013800,13966700,2.447,0,
26089,13966700,13963400,1.394,0,
10508,13703400,13713300,3.979,0,
11035,15502800,15532500,3.08,0,
11034,15532500,15522600,2.03,0,
11029,13923800,13913900,3.982,0,
10507,19014000,13703400,0.419,0,
10502,13773700,13763800,2.177,0,
10503,13763800,18693200,2.131,0,
10888,15153000,15163900,1.894,0,
26090,13013800,13966700,2.447,0,
26091,13966700,13963400,1.394,0,
10718,16066300,16056400,4.764,0,
10727,16176000,16216400,1.605,0,
10734,16226300,16116600,5.006,0,
10719,16056400,16046500,6.148,0,
10726,16166100,16176000,1.797,0,
10710,16126500,16136400,4.678,0,
25567,19481100,16020000,2.882,0,
25568,16750200,19482900,1.536,0,
8972,16046500,16048100,0.687,0,
10712,15766900,15756000,1.969,0,
10732,16236200,16246100,3.081,0,
10728,16216400,16206500,2.167,0,
10711,16136400,15776800,4.06,0,
25570,16030900,19481100,0.289,0,
10722,15606700,16156200,4.761,0,
10724,15542400,16146300,1.155,0,
10729,16206500,16196800,1.9,0,
10733,16246100,16226300,3.421,0,
10725,16146300,16166100,1.476,0,
10715,16096000,16086100,3.95,0,
10731,16186900,16236200,4.743,0,
25569,19482900,16030900,0.834,0,
10716,16086100,16076200,2.512,0,
10730,16196800,16186900,2.752,0,
10713,15776800,15766900,7.801,0,
10714,16116600,16096000,7.032,0,
26092,13013800,13966700,2.447,0,
26093,13966700,13963400,1.394,0,
26094,13013800,13966700,2.447,0,
26095,13966700,13963400,1.394,0,
26096,13013800,13966700,2.447,0,
26097,13966700,13963400,1.394,0,
26098,13013800,13966700,2.447,0,
11026,13883400,13873500,2.556,0,
11031,13933700,13903000,3.696,0,
10493,13853700,13843800,3.033,0,
11033,15522600,15512700,1.708,0,
10525,13503800,13473400,2.371,0,
11028,13913900,13893300,2.202,0,
10497,13813100,18813600,1.038,0,
10517,13573100,13563200,3.249,0,
10498,18813600,13793500,2.506,0,
10509,13713300,13623400,3.662,0,
10515,13583000,13553300,1.513,0,
8974,19213800,13933700,0.806,0,
10494,13843800,18007500,0.849,0,
25434,19426600,13503800,1.974,0,
25482,13543400,19612100,0.722,0,
11027,13893300,13883400,2.06,0,
10518,13563200,13543400,5.66,0,
10499,13793500,13783600,3.202,0,
11030,13903000,13923800,3.6,0,
10514,13593900,13583000,3.352,0,
10489,13873500,13863600,3.82,0,
10501,13753900,13773700,4.059,0,
10496,13803200,13813100,2.708,0,
10709,19029800,16126500,0.835,0,
26099,13966700,13963400,1.394,0,
26100,13013800,13966700,2.447,0,
26101,13966700,13963400,1.394,0,
26102,13013800,13966700,2.447,0,
26131,15333800,15336100,2.947,0,
26132,15333800,15336100,2.947,0,
26133,15333800,15336100,2.947,0,
26134,15333800,15336100,2.947,0,
26135,15333800,15336100,2.947,0,
26136,15333800,15336100,2.947,0,
10740,16356800,16326100,2.322,0,
10129,17915000,19018100,1.393,0,
26137,15333800,15336100,2.947,0,
10281,18925800,17915000,2.512,0,
26138,15333800,15336100,2.947,0,
25373,19467000,17915000,2.356,0,
26139,15333800,15336100,2.947,0,
10738,16366700,16346900,3.856,0,
10739,16346900,16356800,2.225,0,
26140,15333800,15336100,2.947,0,
10736,13526900,16376600,6.662,0,
10737,16376600,16366700,5.05,0,
26141,15333800,15336100,2.947,0,
26142,15333800,15336100,2.947,0,
26143,15333800,15336100,2.947,0,
26144,15333800,15336100,2.947,0,
10655,14153100,13183900,2.986,0,
10649,14093900,14133300,6.773,0,
10646,14073100,14063200,1.594,0,
10622,15716400,15696800,6.816,0,
10640,14013700,14043400,5.43,0,
10620,15206600,15226400,2.77,0,
25442,19428200,14153100,1.866,0,
26145,15333800,15336100,2.947,0,
10641,14043400,14033500,5.266,0,
26146,15333800,15336100,2.947,0,
10624,15676000,15686900,3.838,0,
10742,16316200,16306300,3.385,0,
10629,15646300,15656200,2.906,0,
26147,15333800,15336100,2.947,0,
10621,15226400,15606700,2.985,0,
10625,15686900,18686600,0.568,0,
25443,14053300,19430800,2.61,0,
10650,14133300,14123400,1.955,0,
10652,19117100,14143200,0.304,0,
10648,14103600,14093900,2.973,0,
10630,15656200,15626500,4.166,0,
10645,14083000,14073100,2.747,0,
10746,16266900,16276800,2.023,0,
25444,19430800,14083000,0.914,0,
26148,15333800,15336100,2.947,0,
10639,14023600,14013700,2.024,0,
10631,15626500,15636400,3.016,0,
10747,16276800,15716400,4.905,0,
8983,19211200,14023600,2.336,0,
10647,14063200,14103600,4.955,0,
10632,15636400,15616600,3.252,0,
10743,16306300,16296600,4.359,0,
10637,15736200,15756000,2.686,0,
10642,14033500,14053300,3.47,0,
25441,14143200,19428200,2.205,0,
26149,15333800,15336100,2.947,0,
26150,15333800,15336100,2.947,0,
