operational_point_id,name,latitude,longitude,valid_from,valid_to
13016100,Kúty,48.66195,17.04753,2012-01-01T00:00:00,2050-12-31T00:00:00
13136700,Devínska Nová Ves,48.21905,16.97637,2012-01-01T00:00:00,2050-12-31T00:00:00
13176300,Bratislava-Železná studienka,48.17457,17.07279,2012-01-01T00:00:00,2050-12-31T00:00:00
19010800,Odb. Močiar,48.18854,17.14967,2012-01-01T00:00:00,2050-12-31T00:00:00
13256300,Ivanka pri Dunaji,48.19458,17.26001,2012-01-01T00:00:00,2050-12-31T00:00:00
13246400,Bernolákovo,48.19787,17.30602,2012-01-01T00:00:00,2050-12-31T00:00:00
13266200,Veľký Biel,48.20604,17.36299,2012-01-01T00:00:00,2050-12-31T00:00:00
13276100,Senec,48.21356,17.41417,2012-01-01T00:00:00,2050-12-31T00:00:00
13286000,Reca,48.21916,17.45546,2012-01-01T00:00:00,2050-12-31T00:00:00
13326400,Galanta,48.185,17.72297,2012-01-01T00:00:00,2050-12-31T00:00:00
13346200,Topoľnica,48.16639,17.79511,2012-01-01T00:00:00,2050-12-31T00:00:00
13336300,Šaľa,48.14764,17.85972,2012-01-01T00:00:00,2050-12-31T00:00:00
14476600,Nemšová,48.96779,18.12173,2012-01-01T00:00:00,2050-12-31T00:00:00
14466700,Horné Srnie,48.99744,18.09942,2012-01-01T00:00:00,2050-12-31T00:00:00
10106300,Horné Srnie št. hr.,49.02859,18.05719,2012-01-01T00:00:00,2050-12-31T00:00:00
17655200,Púchov závody,49.10751,18.31691,2012-01-01T00:00:00,2050-12-31T00:00:00
17575200,Zariečie,49.17721,18.25233,2012-01-01T00:00:00,2050-12-31T00:00:00
17545500,Lúky pod Makytou,49.19127,18.22782,2012-01-01T00:00:00,2050-12-31T00:00:00
17985300,Lysá pod Makytou,49.19542,18.19615,2012-01-01T00:00:00,2050-12-31T00:00:00
17995200,Strelenka,49.183905,18.144822,2012-01-01T00:00:00,2050-12-31T00:00:00
10095800,Lúky pod Makytou št. hr.,49.18002,18.13109,2012-01-01T00:00:00,2050-12-31T00:00:00
14486500,Borčice,48.98129,18.13392,2012-01-01T00:00:00,2050-12-31T00:00:00
17115700,Bolešov,48.991201,18.154221,2012-01-01T00:00:00,2050-12-31T00:00:00
17105800,Pruské,49.0209,18.21074,2012-01-01T00:00:00,2050-12-31T00:00:00
17155300,Dulov,49.034478,18.234537,2012-01-01T00:00:00,2050-12-31T00:00:00
17165200,Horovce,49.051356,18.258312,2012-01-01T00:00:00,2050-12-31T00:00:00
17145400,Lednické Rovne,49.07052,18.28404,2012-01-01T00:00:00,2050-12-31T00:00:00
14316400,Gbely zastávka,48.706921,17.079535,2012-01-01T00:00:00,2050-12-31T00:00:00
14306500,Gbely,48.72354,17.09106,2012-01-01T00:00:00,2050-12-31T00:00:00
14336200,Kopčany,48.771578,17.121205,2012-01-01T00:00:00,2050-12-31T00:00:00
14346100,Kátov,48.82832,17.17767,2012-01-01T00:00:00,2050-12-31T00:00:00
14366900,Skalica na Slovensku,48.850188,17.218451,2012-01-01T00:00:00,2050-12-31T00:00:00
10126100,Skalica na Slovensku št. hr.,48.86829,17.23916,2012-01-01T00:00:00,2050-12-31T00:00:00
18255000,Brodno,49.266656,18.75246,2012-01-01T00:00:00,2050-12-31T00:00:00
18265900,Rudina,49.28088,18.758104,2012-01-01T00:00:00,2050-12-31T00:00:00
18245100,Kysucké Nové Mesto,49.306219,18.784211,2012-01-01T00:00:00,2050-12-31T00:00:00
18225300,Dunajov,49.359905,18.818443,2012-01-01T00:00:00,2050-12-31T00:00:00
18215400,Krásno nad Kysucou,49.378727,18.835748,2012-01-01T00:00:00,2050-12-31T00:00:00
18155200,Oščadnica,49.4185,18.8322,2012-01-01T00:00:00,2050-12-31T00:00:00
18125500,Čadca mesto,49.43667,18.794,2012-01-01T00:00:00,2050-12-31T00:00:00
18115600,Čadca,49.44528,18.78681,2012-01-01T00:00:00,2050-12-31T00:00:00
18175000,Svrčinovec zastávka,49.48197,18.78913,2012-01-01T00:00:00,2050-12-31T00:00:00
18135400,Čadca zastávka,49.43921,18.77926,2012-01-01T00:00:00,2050-12-31T00:00:00
18205500,Raková,49.44697,18.73712,2012-01-01T00:00:00,2050-12-31T00:00:00
18185900,Staškov zastávka,49.432664,18.70682,2012-01-01T00:00:00,2050-12-31T00:00:00
18365700,Staškov,49.423532,18.690178,2012-01-01T00:00:00,2050-12-31T00:00:00
18355800,Podvysoká,49.413666,18.671231,2012-01-01T00:00:00,2050-12-31T00:00:00
18345900,Turzovka,49.4036,18.6284,2012-01-01T00:00:00,2050-12-31T00:00:00
14953400,Zlatno,48.51318,19.81607,2012-01-01T00:00:00,2050-12-31T00:00:00
15313000,Kociha,48.48397,19.95106,2012-01-01T00:00:00,2050-12-31T00:00:00
15646300,Beša,48.13849,18.4021,2012-01-01T00:00:00,2050-12-31T00:00:00
15866700,Čalovec,47.82422,17.99054,2012-01-01T00:00:00,2050-12-31T00:00:00
16136400,Zlaté Moravce-Prílepy,48.36256,18.42396,2012-01-01T00:00:00,2050-12-31T00:00:00
16146300,Maňa,48.155796,18.270569,2012-01-01T00:00:00,2050-12-31T00:00:00
16730400,Michalovce,48.75074,21.89858,2012-01-01T00:00:00,2050-12-31T00:00:00
16810400,Budkovce,48.63202,21.92383,2012-01-01T00:00:00,2050-12-31T00:00:00
17895400,Vrútky,49.11519,18.92442,2012-01-01T00:00:00,2050-12-31T00:00:00
17925900,Žilina-Záriečie,49.21859,18.73102,2012-01-01T00:00:00,2050-12-31T00:00:00
18055400,Prievidza nákladná stanica,48.76507,18.60462,2012-01-01T00:00:00,2050-12-31T00:00:00
18093500,Odb. Dolná Štubňa,48.828113,18.864985,2012-01-01T00:00:00,2050-12-31T00:00:00
18276600,Nemčanka,48.39766,17.560605,2012-01-01T00:00:00,2050-12-31T00:00:00
14370100,Plavnica,49.288,20.7792,2012-01-01T00:00:00,2050-12-31T00:00:00
14396600,Poriadie,48.77622,17.61563,2012-01-01T00:00:00,2050-12-31T00:00:00
14400600,Tatranská Lomnica zastávka,49.14904,20.31479,2012-01-01T00:00:00,2050-12-31T00:00:00
14533400,Vaľkovňa,48.833862,20.066893,2012-01-01T00:00:00,2050-12-31T00:00:00
18686600,Výh. Pial,48.16098,18.44231,2012-01-01T00:00:00,2050-12-31T00:00:00
19026400,Plaveč výh. č. 1/3,49.276947,20.866771,2012-01-01T00:00:00,2050-12-31T00:00:00
19112200,Vlečka VÚ 8838,49.063575,20.325072,2012-10-19T00:00:00,2050-12-31T00:00:00
19129600,Lučenec št. hr.,48.24593,19.63732,2012-01-01T00:00:00,2050-12-31T00:00:00
17215500,Zemianske Kostoľany,48.68445,18.51923,2012-01-01T00:00:00,2050-12-31T00:00:00
18925800,Žilina predmestie,49.231261,18.72876,2012-01-01T00:00:00,2050-12-31T00:00:00
13206800,Bratislava hlavná stanica,48.1589,17.1067,2012-01-01T00:00:00,2050-12-31T00:00:00
14576300,Bratislava-Petržalka,48.12139,17.09941,2012-01-01T00:00:00,2050-12-31T00:00:00
14683700,Hontianske Nemce,48.27978,18.993,2012-01-01T00:00:00,2050-12-31T00:00:00
19014000,Fiľakovo St. 3,48.270497,19.829743,2012-01-01T00:00:00,2050-12-31T00:00:00
19017300,Prievidza St. 3,48.767844,18.616848,2012-01-01T00:00:00,2050-12-31T00:00:00
13850300,Pribeník,48.39944,21.99927,2012-01-01T00:00:00,2050-12-31T00:00:00
18295600,Vysoká nad Kysucou,49.379546,18.549024,2012-01-01T00:00:00,2050-12-31T00:00:00
18285700,Nižný Kelčov,49.376929,18.507067,2012-01-01T00:00:00,2050-12-31T00:00:00
18275800,Makov,49.37213,18.48439,2012-01-01T00:00:00,2050-12-31T00:00:00
18165100,Svrčinovec,49.48038,18.79312,2012-01-01T00:00:00,2050-12-31T00:00:00
18315200,Čierne pri Čadci zastávka,49.50975,18.84567,2012-01-01T00:00:00,2050-12-31T00:00:00
18415000,Čierne-Polesie,49.51178,18.85966,2012-01-01T00:00:00,2050-12-31T00:00:00
18395400,Skalité zastávka,49.50555,18.87181,2012-01-01T00:00:00,2050-12-31T00:00:00
18305300,Skalité,49.49823,18.89174,2012-01-01T00:00:00,2050-12-31T00:00:00
18385500,Skalité pod Poľanou,49.49584,18.91599,2012-01-01T00:00:00,2050-12-31T00:00:00
18335000,Skalité-Serafínov,49.50161,18.96471,2012-01-01T00:00:00,2050-12-31T00:00:00
10045300,Skalité št. hr.,49.50388,18.97193,2012-01-01T00:00:00,2050-12-31T00:00:00
13610100,Ťahanovce,48.75592,21.25324,2012-01-01T00:00:00,2050-12-31T00:00:00
13580600,Kostoľany nad Hornádom,48.7958,21.24601,2012-01-01T00:00:00,2050-12-31T00:00:00
19016500,Kysak výh. č. 39/40,48.8588,21.226637,2012-01-01T00:00:00,2050-12-31T00:00:00
13560800,Kysak,48.85288,21.22393,2012-01-01T00:00:00,2050-12-31T00:00:00
19015700,Kysak výh. č. 35/36,48.861694,21.215951,2012-01-01T00:00:00,2050-12-31T00:00:00
13550900,Veľká Lodina,48.85624,21.15561,2012-01-01T00:00:00,2050-12-31T00:00:00
13530100,Malá Lodina,48.87403,21.133704,2012-01-01T00:00:00,2050-12-31T00:00:00
13540000,Ružín,48.87515,21.10961,2012-01-01T00:00:00,2050-12-31T00:00:00
13541800,Výh. Ružín,48.873402,21.101507,2012-01-01T00:00:00,2050-12-31T00:00:00
14330500,Nižné Ružbachy,49.2764,20.57855,2012-01-01T00:00:00,2050-12-31T00:00:00
14990600,Spišská Belá,49.187758,20.449404,2012-01-01T00:00:00,2050-12-31T00:00:00
19012400,Poprad-Tatry TEŽ,49.0627,20.2957,2012-01-01T00:00:00,2050-12-31T00:00:00
13300900,Veľký Slavkov,49.09166,20.27651,2012-01-01T00:00:00,2050-12-31T00:00:00
14140800,Pod lesom,49.125792,20.245357,2012-01-01T00:00:00,2050-12-31T00:00:00
14050900,Starý Smokovec,49.139298,20.222847,2012-01-01T00:00:00,2050-12-31T00:00:00
14120000,Nový Smokovec,49.136954,20.216045,2012-01-01T00:00:00,2050-12-31T00:00:00
14110100,Sibír,49.13468,20.210402,2012-01-01T00:00:00,2050-12-31T00:00:00
14100200,Tatranské Zruby,49.130229,20.19948,2012-01-01T00:00:00,2050-12-31T00:00:00
14080600,Tatranská Polianka,49.12256,20.18579,2012-01-01T00:00:00,2050-12-31T00:00:00
14070700,Danielov dom,49.116958,20.166305,2012-01-01T00:00:00,2050-12-31T00:00:00
14060800,Nová Polianka,49.11838,20.15056,2012-01-01T00:00:00,2050-12-31T00:00:00
14040000,Vyšné Hágy,49.118947,20.123146,2012-01-01T00:00:00,2050-12-31T00:00:00
14030100,Popradské Pleso,49.126024,20.074886,2012-01-01T00:00:00,2050-12-31T00:00:00
14150700,Pekná Vyhliadka,49.139108,20.232705,2012-01-01T00:00:00,2050-12-31T00:00:00
14160600,Horný Smokovec,49.14232,20.23985,2012-01-01T00:00:00,2050-12-31T00:00:00
14190300,Tatranská Lesná,49.15004,20.25662,2012-01-01T00:00:00,2050-12-31T00:00:00
14180400,Stará Lesná,49.154822,20.270977,2012-01-01T00:00:00,2050-12-31T00:00:00
14170500,Tatranská Lomnica,49.16446,20.27939,2012-01-01T00:00:00,2050-12-31T00:00:00
19003300,Štrba OŽ,49.08458,20.06444,2012-01-01T00:00:00,2050-12-31T00:00:00
14090500,Tatranský Lieskovec,49.09275,20.06734,2012-01-01T00:00:00,2050-12-31T00:00:00
13596200,Bratislava-Vinohrady,48.18676,17.13288,2012-01-01T00:00:00,2050-12-31T00:00:00
19009000,Odb. Vinohrady,48.193442,17.143779,2012-01-01T00:00:00,2050-12-31T00:00:00
13606900,Bratislava-Rača,48.20888,17.16075,2012-01-01T00:00:00,2050-12-31T00:00:00
18006700,Výh. Svätý Jur,48.24854,17.21913,2012-01-01T00:00:00,2050-12-31T00:00:00
13616800,Svätý Jur,48.24757,17.2177,2012-01-01T00:00:00,2050-12-31T00:00:00
13636600,Pezinok-Grinava,48.26711,17.246,2012-01-01T00:00:00,2050-12-31T00:00:00
13626700,Pezinok,48.28259,17.2707,2012-01-01T00:00:00,2050-12-31T00:00:00
13646500,Šenkvice,48.3019,17.34554,2012-01-01T00:00:00,2050-12-31T00:00:00
13656400,Báhoň,48.30539,17.45008,2012-01-01T00:00:00,2050-12-31T00:00:00
13666300,Cífer,48.32293,17.48665,2012-01-01T00:00:00,2050-12-31T00:00:00
13500400,Margecany zastávka,48.88933,21.04195,2012-01-01T00:00:00,2050-12-31T00:00:00
13420500,Spišské Vlachy,48.93557,20.80377,2012-01-01T00:00:00,2050-12-31T00:00:00
19104900,Vlečka Olcnava,48.923416,20.744698,2012-01-01T00:00:00,2050-12-31T00:00:00
13450200,Olcnava,48.925968,20.748389,2012-01-01T00:00:00,2050-12-31T00:00:00
13440300,Vítkovce,48.92556,20.71732,2012-01-01T00:00:00,2050-12-31T00:00:00
14233100,Lučatín,48.78155,19.31423,2012-01-01T00:00:00,2050-12-31T00:00:00
13410600,Chrasť nad Hornádom,48.92566,20.70039,2012-01-01T00:00:00,2050-12-31T00:00:00
15540800,Roštár,48.6786,20.35433,2012-01-01T00:00:00,2050-12-31T00:00:00
13071600,Lisková,49.09051,19.36645,2012-01-01T00:00:00,2050-12-31T00:00:00
13091400,Lisková zastávka,49.08709,19.35205,2012-01-01T00:00:00,2050-12-31T00:00:00
17495300,Kraľovany zastávka,49.17898,19.14654,2012-01-01T00:00:00,2050-12-31T00:00:00
17635400,Párnica,49.19283,19.19653,2012-01-01T00:00:00,2050-12-31T00:00:00
17645300,Istebné,49.20133,19.22749,2012-01-01T00:00:00,2050-12-31T00:00:00
17455700,Veličná,49.20273,19.25414,2012-01-01T00:00:00,2050-12-31T00:00:00
17445800,Mokraď,49.2354,19.3088,2012-01-01T00:00:00,2050-12-31T00:00:00
17625500,Medzibrodie nad Oravou,49.233999,19.34569,2012-01-01T00:00:00,2050-12-31T00:00:00
17585100,Oravský Podzámok,49.26111,19.363774,2012-01-01T00:00:00,2050-12-31T00:00:00
18945600,Oravský Podzámok zastávka,49.26274,19.37761,2012-01-01T00:00:00,2050-12-31T00:00:00
17605700,Horná Lehota,49.25184,19.3995,2012-01-01T00:00:00,2050-12-31T00:00:00
17615600,Sedliacka Dubová,49.25845,19.43181,2012-01-01T00:00:00,2050-12-31T00:00:00
17595000,Dlhá nad Oravou,49.26478,19.44747,2012-01-01T00:00:00,2050-12-31T00:00:00
17675000,Krivá,49.28813,19.47541,2012-01-01T00:00:00,2050-12-31T00:00:00
17665100,Podbiel,49.30393,19.47844,2012-01-01T00:00:00,2050-12-31T00:00:00
17685900,Nižná,49.31024,19.5285,2012-01-01T00:00:00,2050-12-31T00:00:00
17855800,Krásna Hôrka,49.321402,19.545085,2012-01-01T00:00:00,2050-12-31T00:00:00
14223200,Medzibrod,48.79131,19.3575,2012-01-01T00:00:00,2050-12-31T00:00:00
19125400,Vlečka Nemecká,48.8088,19.41,2012-01-01T00:00:00,2050-12-31T00:00:00
14273700,Nemecká,48.81095,19.4169,2012-01-01T00:00:00,2050-12-31T00:00:00
17375700,Predmier,49.1975,18.5356,2012-01-01T00:00:00,2050-12-31T00:00:00
17365800,Bytča,49.20764,18.55325,2012-01-01T00:00:00,2050-12-31T00:00:00
17405200,Dolný Hričov,49.24083,18.643363,2012-01-01T00:00:00,2050-12-31T00:00:00
17415100,Horný Hričov,49.2545,18.65888,2012-01-01T00:00:00,2050-12-31T00:00:00
19127000,Bratislava východ odch. sk. Sever,48.1943,17.19605,2012-01-01T00:00:00,2050-12-31T00:00:00
13686100,Trnava predmestie,48.38956,17.566795,2012-01-01T00:00:00,2050-12-31T00:00:00
14246300,Boleráz,48.46956,17.49886,2012-01-01T00:00:00,2050-12-31T00:00:00
14256200,Bíňovce,48.50134,17.47255,2012-01-01T00:00:00,2050-12-31T00:00:00
14176200,Cerová-Lieskové,48.596614,17.40346,2012-01-01T00:00:00,2050-12-31T00:00:00
14156400,Hlboké,48.636579,17.372673,2012-01-01T00:00:00,2050-12-31T00:00:00
14136600,Senica,48.66557,17.33475,2012-01-01T00:00:00,2050-12-31T00:00:00
14146500,Šajdíkove Humence,48.659877,17.262504,2012-01-01T00:00:00,2050-12-31T00:00:00
14126700,Borský Mikuláš,48.642357,17.191828,2012-01-01T00:00:00,2050-12-31T00:00:00
14116800,Šaštín-Stráže,48.63399,17.14222,2012-01-01T00:00:00,2050-12-31T00:00:00
13036900,Kuklov,48.649416,17.069702,2012-01-01T00:00:00,2050-12-31T00:00:00
14186100,Jablonica obec,48.60959,17.422514,2012-01-01T00:00:00,2050-12-31T00:00:00
14196000,Osuské,48.619385,17.448993,2012-01-01T00:00:00,2050-12-31T00:00:00
14206700,Hradište pod Vrátnom,48.629626,17.48251,2012-01-01T00:00:00,2050-12-31T00:00:00
14296800,Brezová pod Bradlom zastávka,48.654509,17.512102,2012-01-01T00:00:00,2050-12-31T00:00:00
14286900,Brezová pod Bradlom,48.651822,17.52991,2012-01-01T00:00:00,2050-12-31T00:00:00
15016900,Gáň,48.23205,17.72311,2012-01-01T00:00:00,2050-12-31T00:00:00
15006000,Šúrovce,48.3335,17.7249,2012-01-01T00:00:00,2050-12-31T00:00:00
14996300,Siladice,48.37254,17.73762,2012-01-01T00:00:00,2050-12-31T00:00:00
15026800,Križovany nad Dudváhom,48.3303,17.66118,2012-01-01T00:00:00,2050-12-31T00:00:00
15067200,Trebatice,48.597005,17.758016,2012-01-01T00:00:00,2050-12-31T00:00:00
15066400,Vrbové,48.61668,17.732,2012-01-01T00:00:00,2050-12-31T00:00:00
17845900,Tvrdošín,49.33709,19.5627,2012-01-01T00:00:00,2050-12-31T00:00:00
19113000,Vlečka Dakna,49.352477,19.585394,2012-01-01T00:00:00,2050-12-31T00:00:00
17795600,Trstená,49.360966,19.619316,2012-01-01T00:00:00,2050-12-31T00:00:00
19108000,Vlečka ACHP Levice a .s.,48.945758,20.589623,2012-01-01T00:00:00,2050-12-31T00:00:00
13380100,Harichovce,48.95948,20.58083,2012-01-01T00:00:00,2050-12-31T00:00:00
14500300,Levoča,49.01758,20.58855,2012-01-01T00:00:00,2050-12-31T00:00:00
13430400,Spišské Vlachy mesto,48.94197,20.7927,2012-01-01T00:00:00,2050-12-31T00:00:00
14540900,Bystrany na Spiši,48.95006,20.76765,2012-01-01T00:00:00,2050-12-31T00:00:00
13260500,Poprad-Spišská Sobota,49.057614,20.309687,2012-01-01T00:00:00,2050-12-31T00:00:00
14200000,Matejovce pri Poprade,49.081245,20.333912,2012-10-19T00:00:00,2050-12-31T00:00:00
14280200,Spišská Belá zastávka,49.184593,20.471821,2012-01-01T00:00:00,2050-12-31T00:00:00
14221600,Veľká Lomnica-Golf,49.136332,20.337395,2012-01-01T00:00:00,2050-12-31T00:00:00
14240600,Huncovce,49.12119,20.37449,2012-01-01T00:00:00,2050-12-31T00:00:00
14230700,Kežmarok,49.13958,20.4235,2012-01-01T00:00:00,2050-12-31T00:00:00
14250500,Kežmarok zastávka,49.149882,20.42942,2012-01-01T00:00:00,2050-12-31T00:00:00
14270300,Strážky zastávka,49.173179,20.461816,2012-01-01T00:00:00,2050-12-31T00:00:00
19020700,Odb. Spišská Belá,49.1748,20.47061,2012-01-01T00:00:00,2050-12-31T00:00:00
14290100,Bušovce,49.21782,20.49345,2012-01-01T00:00:00,2050-12-31T00:00:00
14300800,Podhorany pri Kežmarku,49.23144,20.49118,2012-01-01T00:00:00,2050-12-31T00:00:00
14310700,Toporec,49.246167,20.508835,2012-01-01T00:00:00,2050-12-31T00:00:00
14320600,Podolínec,49.25529,20.52637,2012-01-01T00:00:00,2050-12-31T00:00:00
19025600,Plaveč výh. č. 5/6,49.27058,20.8699,2012-01-01T00:00:00,2050-12-31T00:00:00
14390900,Plaveč,49.26941,20.85111,2012-01-01T00:00:00,2050-12-31T00:00:00
14380000,Hromoš,49.26528,20.80549,2012-01-01T00:00:00,2050-12-31T00:00:00
14360200,Chmeľnica,49.292077,20.730793,2012-01-01T00:00:00,2050-12-31T00:00:00
14456800,Višňové,48.72519,17.75235,2012-01-01T00:00:00,2050-12-31T00:00:00
14436000,Hrachovište,48.71812,17.72704,2012-01-01T00:00:00,2050-12-31T00:00:00
14406300,Stará Turá,48.77316,17.70037,2012-01-01T00:00:00,2050-12-31T00:00:00
14416200,Paprad,48.7806,17.64385,2012-01-01T00:00:00,2050-12-31T00:00:00
14376800,Myjava,48.7638,17.57087,2012-01-01T00:00:00,2050-12-31T00:00:00
14386700,Brestovec,48.78691,17.55611,2012-01-01T00:00:00,2050-12-31T00:00:00
13676200,Trnava,48.369779,17.58482,2012-01-01T00:00:00,2050-12-31T00:00:00
17865700,Varín,49.20188,18.84664,2012-01-01T00:00:00,2050-12-31T00:00:00
16830200,Veľké Kapušany,48.554654,22.086039,2012-01-01T00:00:00,2050-12-31T00:00:00
14463400,Závadka nad Hronom zastávka,48.85229,19.9274,2012-01-01T00:00:00,2050-12-31T00:00:00
13233200,Zvolen nákladná stanica,48.5728,19.14299,2012-01-01T00:00:00,2050-12-31T00:00:00
17915000,Žilina,49.2271,18.74604,2012-01-01T00:00:00,2050-12-31T00:00:00
13860200,Čierna nad Tisou,48.420059,22.087412,2012-01-01T00:00:00,2050-12-31T00:00:00
15280100,Haniska pri Košiciach,48.63143,21.24837,2012-01-01T00:00:00,2050-12-31T00:00:00
13816400,Nové Mesto nad Váhom,48.751821,17.8354488,2012-01-01T00:00:00,2050-12-31T00:00:00
13436100,Nové Zámky,47.99509,18.17413,2012-01-01T00:00:00,2050-12-31T00:00:00
18936500,Žilina-Teplička odch. sk,49.215093331848365,18.79198010568139,2012-01-01T00:00:00,2050-12-31T00:00:00
14210900,Studený Potok,49.108569,20.354017,2012-10-19T00:00:00,2050-12-31T00:00:00
18375600,Turzovka zastávka,49.382401,18.593738,2012-01-01T00:00:00,2050-12-31T00:00:00
14283600,Predajná,48.80698,19.46532,2012-01-01T00:00:00,2050-12-31T00:00:00
14303200,Lopej,48.81547,19.49826,2012-01-01T00:00:00,2050-12-31T00:00:00
14293500,Podbrezová,48.810184,19.522598,2012-01-01T00:00:00,2050-12-31T00:00:00
19019900,Zvolen mesto odb.,48.572476,19.128892,2012-01-01T00:00:00,2050-12-31T00:00:00
13263900,Zvolen mesto,48.57723,19.13209,2012-01-01T00:00:00,2050-12-31T00:00:00
13823000,Jesenské zastávka,48.30527,20.07699,2012-01-01T00:00:00,2050-12-31T00:00:00
14590400,Mlynky zastávka,48.85095,20.42649,2012-01-01T00:00:00,2050-12-31T00:00:00
14570600,Mlynky,48.8544,20.4073,2012-01-01T00:00:00,2050-12-31T00:00:00
14580500,Dedinky,48.8556,20.3818,2012-01-01T00:00:00,2050-12-31T00:00:00
14560700,Stratená,48.8694,20.3415,2012-01-01T00:00:00,2050-12-31T00:00:00
14550800,Dobšinská Ľadová Jaskyňa,48.8762,20.2965,2012-01-01T00:00:00,2050-12-31T00:00:00
14811400,Telgárt penzión,48.8516,20.1994,2012-01-01T00:00:00,2050-12-31T00:00:00
14801500,Telgárt,48.84,20.1865,2012-01-01T00:00:00,2050-12-31T00:00:00
14393300,Bujakovo zastávka,48.822208,19.691234,2012-01-01T00:00:00,2050-12-31T00:00:00
19124700,Vlečka Beňuš,48.8246,19.73034,2012-01-01T00:00:00,2050-12-31T00:00:00
14383400,Gašparovo,48.827,19.74569,2012-01-01T00:00:00,2050-12-31T00:00:00
14413900,Beňuš,48.82847,19.76146,2012-01-01T00:00:00,2050-12-31T00:00:00
14423800,Bacúch,48.84395,19.81821,2012-01-01T00:00:00,2050-12-31T00:00:00
14433700,Polomka,48.8463,19.85367,2012-01-01T00:00:00,2050-12-31T00:00:00
14443600,Polomka-Hámor,48.84845,19.89285,2012-01-01T00:00:00,2050-12-31T00:00:00
14453500,Závadka nad Hronom obec,48.84814,19.913782,2012-01-01T00:00:00,2050-12-31T00:00:00
14473300,Vlečka Závadka nad Hronom 1,48.848384,19.915,2012-01-01T00:00:00,2050-12-31T00:00:00
14483200,Heľpa,48.85637,19.95948,2012-01-01T00:00:00,2050-12-31T00:00:00
14513600,Pohorelá,48.85174,20.01398,2012-01-01T00:00:00,2050-12-31T00:00:00
14523500,Pohorelská Maša,48.8486,20.02851,2012-01-01T00:00:00,2050-12-31T00:00:00
14503700,Nová Maša,48.83636,20.05192,2012-01-01T00:00:00,2050-12-31T00:00:00
14543300,Červená Skala,48.8231,20.1315,2012-01-01T00:00:00,2050-12-31T00:00:00
14333900,Valaská,48.81219,19.57534,2012-01-01T00:00:00,2050-12-31T00:00:00
14363600,Brezno mesto,48.80414,19.64729,2012-01-01T00:00:00,2050-12-31T00:00:00
13443700,Sliač kúpele,48.61427,19.14943,2012-01-01T00:00:00,2050-12-31T00:00:00
13463500,Veľká Lúka,48.63109,19.15432,2012-01-01T00:00:00,2050-12-31T00:00:00
13453600,Hronsek,48.64839,19.15913,2012-01-01T00:00:00,2050-12-31T00:00:00
13423900,Vlkanová,48.66943,19.14921,2012-01-01T00:00:00,2050-12-31T00:00:00
13383500,Banská Bystrica mesto,48.73156,19.14652,2012-01-01T00:00:00,2050-12-31T00:00:00
13393400,Šalková,48.74136,19.21882,2012-01-01T00:00:00,2050-12-31T00:00:00
14213300,Slovenská Ľupča-Príboj,48.74645,19.2374,2012-01-01T00:00:00,2050-12-31T00:00:00
14203400,Slovenská Ľupča,48.76295,19.27652,2012-01-01T00:00:00,2050-12-31T00:00:00
17315300,Handlová,48.72568,18.75409,2012-01-01T00:00:00,2050-12-31T00:00:00
15093800,Rimavské Janovce obec,48.33692,20.05697,2012-01-01T00:00:00,2050-12-31T00:00:00
15043300,Rimavské Janovce,48.352556,20.056057,2012-01-01T00:00:00,2050-12-31T00:00:00
15033400,Rimavská Sobota,48.3852,20.02863,2012-01-01T00:00:00,2050-12-31T00:00:00
15053200,Čerenčany,48.41297,19.98928,2012-01-01T00:00:00,2050-12-31T00:00:00
15073000,Veľké Teriakovce,48.43771,19.97297,2012-01-01T00:00:00,2050-12-31T00:00:00
15083900,Nižný Skálnik,48.453131,19.967552,2012-01-01T00:00:00,2050-12-31T00:00:00
15303100,Rimavské Zalužany,48.49939,19.94023,2012-01-01T00:00:00,2050-12-31T00:00:00
15283500,Rimavské Brezovo,48.53991,19.9642,2012-01-01T00:00:00,2050-12-31T00:00:00
15273600,Likier,48.5614,19.96302,2012-01-01T00:00:00,2050-12-31T00:00:00
13400700,Matejovce nad Hornádom,48.91706,20.66889,2012-01-01T00:00:00,2050-12-31T00:00:00
13390000,Markušovce,48.91024,20.63426,2012-01-01T00:00:00,2050-12-31T00:00:00
13370200,Teplička nad Hornádom,48.91872,20.58344,2012-01-01T00:00:00,2050-12-31T00:00:00
13360300,Spišská Nová Ves,48.95041,20.56151,2012-01-01T00:00:00,2050-12-31T00:00:00
13350400,Smižany,48.95326,20.52336,2012-01-01T00:00:00,2050-12-31T00:00:00
13396700,Jatov,48.11915,18.00698,2012-01-01T00:00:00,2050-12-31T00:00:00
13406400,Tvrdošovce,48.0926,18.041,2012-01-01T00:00:00,2050-12-31T00:00:00
13416300,Palárikovo,48.06018,18.08182,2012-01-01T00:00:00,2050-12-31T00:00:00
13426200,Ľudovítov,48.03501,18.11389,2012-01-01T00:00:00,2050-12-31T00:00:00
13696000,Brestovany,48.38156,17.691,2012-01-01T00:00:00,2050-12-31T00:00:00
13736400,Madunice,48.47813,17.764386,2012-01-01T00:00:00,2050-12-31T00:00:00
13726500,Veľké Kostoľany,48.50668,17.77358,2012-01-01T00:00:00,2050-12-31T00:00:00
13776000,Drahovce zastávka,48.52554,17.78994,2012-01-01T00:00:00,2050-12-31T00:00:00
13746300,Piešťany,48.59647,17.81507,2012-01-01T00:00:00,2050-12-31T00:00:00
13796800,Horná Streda,48.65131,17.836156,2012-01-01T00:00:00,2050-12-31T00:00:00
18687400,Výh. Horná Streda,48.655942,17.837847,2012-01-01T00:00:00,2050-12-31T00:00:00
13786900,Brunovce,48.68324,17.84563,2012-01-01T00:00:00,2050-12-31T00:00:00
16546400,Výh. Potvorice,48.697627,17.843407,2012-01-01T00:00:00,2050-12-31T00:00:00
13806500,Považany,48.70217,17.84247,2012-01-01T00:00:00,2050-12-31T00:00:00
19023100,Nové Mesto nad Váhom výh. č. 53/54,48.740187,17.825747,2012-01-01T00:00:00,2050-12-31T00:00:00
19022300,Nové Mesto nad Váhom výh. č. 48/49,48.738305,17.834244,2012-01-01T00:00:00,2050-12-31T00:00:00
13826300,Trenčianske Bohuslavice,48.801744,17.874076,2012-01-01T00:00:00,2050-12-31T00:00:00
13836200,Melčice,48.83698,17.91943,2012-01-01T00:00:00,2050-12-31T00:00:00
13837000,Výh. Nivy,48.8538,17.94458,2012-01-01T00:00:00,2050-12-31T00:00:00
13856000,Kostolná-Zariečie,48.878626,17.976347,2012-01-01T00:00:00,2050-12-31T00:00:00
13866900,Trenčín,48.8966,18.05174,2012-01-01T00:00:00,2050-12-31T00:00:00
17015900,Dubnica nad Váhom,48.9663,18.16765,2012-01-01T00:00:00,2050-12-31T00:00:00
17025800,Ilava,49.00207,18.23619,2012-01-01T00:00:00,2050-12-31T00:00:00
17035700,Košeca,49.01474,18.25782,2012-01-01T00:00:00,2050-12-31T00:00:00
17055500,Beluša,49.06300578289837,18.319687227625426,2012-01-01T00:00:00,2050-12-31T00:00:00
17065400,Dolné Kočkovce,49.091321,18.322228,2012-01-01T00:00:00,2050-12-31T00:00:00
17725300,Púchov,49.11377,18.32717,2012-01-01T00:00:00,2050-12-31T00:00:00
17695800,Považská Bystrica,49.12262,18.43227,2012-01-01T00:00:00,2050-12-31T00:00:00
17715400,Považská Teplá,49.13989,18.46806,2012-01-01T00:00:00,2050-12-31T00:00:00
17385600,Plevník-Drienové,49.1713,18.491,2012-01-01T00:00:00,2050-12-31T00:00:00
13330600,Letanovce,48.973675,20.460614,2012-01-01T00:00:00,2050-12-31T00:00:00
13310800,Vydrník,48.9955,20.405,2012-01-01T00:00:00,2050-12-31T00:00:00
13270400,Gánovce,49.02353,20.31548,2012-01-01T00:00:00,2050-12-31T00:00:00
13250600,Poprad-Tatry,49.06002,20.29486,2012-01-01T00:00:00,2050-12-31T00:00:00
13230800,Svit,49.0609,20.19815,2012-01-01T00:00:00,2050-12-31T00:00:00
13240700,Lučivná,49.05807,20.14375,2012-01-01T00:00:00,2050-12-31T00:00:00
13220900,Štrba zastávka,49.062389,20.083024,2012-01-01T00:00:00,2050-12-31T00:00:00
13200100,Štrba,49.08355,20.06547,2012-01-01T00:00:00,2050-12-31T00:00:00
13210000,Važec,49.0663,19.9873,2012-01-01T00:00:00,2050-12-31T00:00:00
13171400,Východná,49.050259,19.916466,2012-01-01T00:00:00,2050-12-31T00:00:00
13151600,Podtureň,49.0593,19.6954,2012-01-01T00:00:00,2050-12-31T00:00:00
13131800,Okoličné,49.0765,19.6521,2012-01-01T00:00:00,2050-12-31T00:00:00
18101600,Výh. Paludza,49.091258,19.518573,2012-01-01T00:00:00,2050-12-31T00:00:00
13181300,Liptovské Vlachy,49.08784,19.47344,2012-01-01T00:00:00,2050-12-31T00:00:00
13081500,Liptovská Teplá,49.09982,19.41664,2012-01-01T00:00:00,2050-12-31T00:00:00
13041900,Ružomberok,49.08358,19.30903,2012-01-01T00:00:00,2050-12-31T00:00:00
13061700,Ružomberok-Rybárpole,49.08607,19.28141,2012-01-01T00:00:00,2050-12-31T00:00:00
13051800,Hrboltová,49.10022,19.247,2012-01-01T00:00:00,2050-12-31T00:00:00
13031000,Švošov,49.12263,19.19457,2012-01-01T00:00:00,2050-12-31T00:00:00
13011200,Ľubochňa,49.12698,19.17215,2012-01-01T00:00:00,2050-12-31T00:00:00
13021100,Stankovany,49.144605,19.172966,2012-01-01T00:00:00,2050-12-31T00:00:00
17475500,Kraľovany,49.152946,19.129828,2012-01-01T00:00:00,2050-12-31T00:00:00
17485400,Šútovo-Ratkovo,49.14303,19.09081,2012-01-01T00:00:00,2050-12-31T00:00:00
17835000,Krpeľany,49.12641,19.08362,2012-01-01T00:00:00,2050-12-31T00:00:00
17785700,Sučany,49.103657,18.988087,2012-01-01T00:00:00,2050-12-31T00:00:00
17875600,Nezbudská Lúčka-Strečno,49.182068,18.869405,2012-01-01T00:00:00,2050-12-31T00:00:00
19018100,Budatín odb.,49.233573,18.734264,2012-01-01T00:00:00,2050-12-31T00:00:00
19024900,Priekopa odb.,49.10575,18.93944,2012-01-01T00:00:00,2050-12-31T00:00:00
18935700,Žilina-Teplička,49.206148765856724,18.828504777739603,2012-01-01T00:00:00,2050-12-31T00:00:00
19008200,Výh. Váh,49.212454,18.804173,2012-01-01T00:00:00,2050-12-31T00:00:00
15223100,Hnúšťa,48.577,19.95785,2012-01-01T00:00:00,2050-12-31T00:00:00
16040800,Humenné,48.93015,21.90119,2012-01-01T00:00:00,2050-12-31T00:00:00
16060600,Humenné mesto,48.93358,21.912038,2012-01-01T00:00:00,2050-12-31T00:00:00
16150500,Koškovce,49.05145,21.95465,2012-01-01T00:00:00,2050-12-31T00:00:00
14623300,Banská Štiavnica,48.44409,18.91541,2012-01-01T00:00:00,2050-12-31T00:00:00
19107200,Vlečka Calmit,48.87723,20.99044,2012-01-01T00:00:00,2050-12-31T00:00:00
13520200,Jaklovce,48.87395,20.97968,2012-01-01T00:00:00,2050-12-31T00:00:00
14980700,Žakarovce,48.869357,20.963963,2012-01-01T00:00:00,2050-12-31T00:00:00
14950000,Gelnica,48.85834,20.94725,2012-01-01T00:00:00,2050-12-31T00:00:00
14960900,Gelnica mesto,48.850638,20.935065,2012-01-01T00:00:00,2050-12-31T00:00:00
14970800,Gelnica zastávka,48.842836,20.92082,2012-01-01T00:00:00,2050-12-31T00:00:00
14930200,Prakovce,48.82017,20.88565,2012-01-01T00:00:00,2050-12-31T00:00:00
14890800,Helcmanovce,48.82771,20.86526,2012-01-01T00:00:00,2050-12-31T00:00:00
14880900,Mníšek nad Hnilcom,48.81167,20.81501,2012-01-01T00:00:00,2050-12-31T00:00:00
14900500,Švedlár zastávka,48.79366,20.75785,2012-01-01T00:00:00,2050-12-31T00:00:00
14860100,Švedlár,48.8055,20.72323,2012-01-01T00:00:00,2050-12-31T00:00:00
14870000,Stará Voda,48.81189,20.67144,2012-01-01T00:00:00,2050-12-31T00:00:00
14830400,Nálepkovo,48.83833,20.63011,2012-01-01T00:00:00,2050-12-31T00:00:00
14850200,Tretí Hámor,48.81683,20.58319,2012-01-01T00:00:00,2050-12-31T00:00:00
14840300,Nálepkovo-Peklisko,48.81647,20.54794,2012-01-01T00:00:00,2050-12-31T00:00:00
14620900,Hnilec,48.8304,20.50085,2012-01-01T00:00:00,2050-12-31T00:00:00
14253900,Dubová,48.813632,19.439342,2012-01-01T00:00:00,2050-12-31T00:00:00
14530000,Katúň,48.96737,20.75252,2012-01-01T00:00:00,2050-12-31T00:00:00
14000400,Nová Lesná,49.116018,20.261922,2012-01-01T00:00:00,2050-12-31T00:00:00
15356900,Zbehy,48.38215,17.99985,2012-01-01T00:00:00,2050-12-31T00:00:00
15956600,Andač,48.381256,17.96736,2012-01-01T00:00:00,2050-12-31T00:00:00
15946700,Alekšince,48.36366,17.94351,2012-01-01T00:00:00,2050-12-31T00:00:00
15926900,Rišňovce,48.37321,17.89029,2012-01-01T00:00:00,2050-12-31T00:00:00
15936800,Kľačany,48.38704,17.86789,2012-01-01T00:00:00,2050-12-31T00:00:00
15906100,Hlohovec,48.43347,17.80695,2012-01-01T00:00:00,2050-12-31T00:00:00
15916000,Leopoldov zastávka,48.4487,17.77603,2012-01-01T00:00:00,2050-12-31T00:00:00
19120500,Vlečka ÚNVV Leopoldov,48.4489,17.7746,2012-01-01T00:00:00,2050-12-31T00:00:00
14613400,Kozelník,48.51575,19.00463,2012-01-01T00:00:00,2050-12-31T00:00:00
13213400,Banská Belá zastávka,48.49377,18.95519,2012-01-01T00:00:00,2050-12-31T00:00:00
14603500,Banská Belá,48.47329,18.94777,2012-01-01T00:00:00,2050-12-31T00:00:00
13810700,Streda nad Bodrogom,48.39034,21.75771,2012-01-01T00:00:00,2050-12-31T00:00:00
13800800,Borša,48.39392,21.70739,2012-01-01T00:00:00,2050-12-31T00:00:00
13780200,Čerhov,48.46094,21.64444,2012-01-01T00:00:00,2050-12-31T00:00:00
13750500,Michaľany,48.52172,21.6262,2012-01-01T00:00:00,2050-12-31T00:00:00
13740600,Kuzmice,48.58169,21.57934,2012-01-01T00:00:00,2050-12-31T00:00:00
13720800,Slanec,48.64368,21.48874,2012-01-01T00:00:00,2050-12-31T00:00:00
13710900,Ruskov,48.67311,21.42887,2012-01-01T00:00:00,2050-12-31T00:00:00
13700000,Bohdanovce,48.65159,21.40116,2012-01-01T00:00:00,2050-12-31T00:00:00
13660600,Krásna nad Hornádom,48.67004,21.29588,2012-01-01T00:00:00,2050-12-31T00:00:00
13620000,Košice predmestie,48.7087,21.266058,2012-01-01T00:00:00,2050-12-31T00:00:00
13601000,Košice nákladná stanica,48.714072,21.27423,2012-01-01T00:00:00,2050-12-31T00:00:00
10020600,Slovenské Nové Mesto št. hr.,48.39205,21.6649,2012-01-01T00:00:00,2050-12-31T00:00:00
13760400,Lastovce,48.53353,21.62294,2012-01-01T00:00:00,2050-12-31T00:00:00
13770300,Veľaty,48.52921,21.65422,2012-01-01T00:00:00,2050-12-31T00:00:00
16620700,Úpor,48.57716,21.67169,2012-01-01T00:00:00,2050-12-31T00:00:00
16640500,Trebišov,48.63306,21.71184,2012-01-01T00:00:00,2050-12-31T00:00:00
16650400,Hrinište,48.65229,21.77576,2012-01-01T00:00:00,2050-12-31T00:00:00
16690000,Bánovce nad Ondavou,48.67913,21.83458,2012-01-01T00:00:00,2050-12-31T00:00:00
19005800,Bánovce nad Ondavou odb.,48.68898,21.84448,2012-01-01T00:00:00,2050-12-31T00:00:00
16780900,Sečovská Polianka,48.77641,21.69435,2012-01-01T00:00:00,2050-12-31T00:00:00
16800500,Sačurov,48.82113,21.70358,2012-01-01T00:00:00,2050-12-31T00:00:00
15980600,Vranov-Ortáše,48.85246,21.6816,2012-01-01T00:00:00,2050-12-31T00:00:00
15950900,Vranov nad Topľou predmestie,48.880026,21.673515,2012-01-01T00:00:00,2050-12-31T00:00:00
15990500,Nižný Hrabovec,48.85705,21.75188,2012-01-01T00:00:00,2050-12-31T00:00:00
16000200,Hencovce,48.85699,21.72507,2012-01-01T00:00:00,2050-12-31T00:00:00
15960800,Vranovské Dlhé,48.86957,21.70508,2012-01-01T00:00:00,2050-12-31T00:00:00
16286700,Tekovské Lužany,48.09987,18.5635,2012-01-01T00:00:00,2050-12-31T00:00:00
16266900,Tekovský Hrádok,48.1591,18.55479,2012-01-01T00:00:00,2050-12-31T00:00:00
16276800,Dolná Seč,48.173004,18.569053,2012-01-01T00:00:00,2050-12-31T00:00:00
16336000,Zalaba,47.96751,18.70053,2012-01-01T00:00:00,2050-12-31T00:00:00
16386500,Pastovce,47.97189,18.74941,2012-01-01T00:00:00,2050-12-31T00:00:00
16406100,Bielovce,47.99626,18.77457,2012-01-01T00:00:00,2050-12-31T00:00:00
16396400,Ipeľský Sokolec,48.02379,18.80245,2012-01-01T00:00:00,2050-12-31T00:00:00
13840400,Veľký Horeš,48.39032,21.91384,2012-01-01T00:00:00,2050-12-31T00:00:00
13820600,Somotor,48.38954,21.8083,2012-01-01T00:00:00,2050-12-31T00:00:00
19114800,Vlečka Genes,48.603106,19.959186,2012-01-01T00:00:00,2050-12-31T00:00:00
15263700,Hnúšťa zastávka,48.60417,19.958982,2012-01-01T00:00:00,2050-12-31T00:00:00
15243900,Hačava skálie,48.616078,19.959612,2012-01-01T00:00:00,2050-12-31T00:00:00
15233000,Hačava,48.626229,19.953146,2012-01-01T00:00:00,2050-12-31T00:00:00
15213200,Rimavská Píla,48.65038,19.9475,2012-01-01T00:00:00,2050-12-31T00:00:00
15183700,Tisovec,48.69085,19.93546,2012-01-01T00:00:00,2050-12-31T00:00:00
14373500,Brezno-Halny,48.817631,19.664969,2012-01-01T00:00:00,2050-12-31T00:00:00
15143100,Brezno-Rohozná,48.794935,19.708829,2012-01-01T00:00:00,2050-12-31T00:00:00
15153000,Michalová zastávka,48.77284,19.75786,2012-01-01T00:00:00,2050-12-31T00:00:00
15163900,Michalová,48.76541,19.77747,2012-01-01T00:00:00,2050-12-31T00:00:00
15133200,Pohronská Polhora,48.758513,19.793208,2012-01-01T00:00:00,2050-12-31T00:00:00
15173800,Zbojská,48.7468,19.84078,2012-01-01T00:00:00,2050-12-31T00:00:00
15193600,Tisovec-Bánovo,48.71564,19.86782,2012-01-01T00:00:00,2050-12-31T00:00:00
14323000,Chvatimech,48.80363,19.55942,2012-01-01T00:00:00,2050-12-31T00:00:00
14343800,Hronec,48.79881,19.57897,2012-01-01T00:00:00,2050-12-31T00:00:00
13353800,Kostiviarska,48.75739,19.14523,2012-01-01T00:00:00,2050-12-31T00:00:00
13313200,Dolný Harmanec,48.80766,19.05723,2012-01-01T00:00:00,2050-12-31T00:00:00
13303300,Harmanec jaskyňa,48.82287,19.03404,2012-01-01T00:00:00,2050-12-31T00:00:00
13283700,Čremošné,48.83998,18.95107,2012-01-01T00:00:00,2050-12-31T00:00:00
14610000,Sykavka,48.846,20.4706,2012-01-01T00:00:00,2050-12-31T00:00:00
14600100,Rakovec,48.84203,20.43455,2012-01-01T00:00:00,2050-12-31T00:00:00
16446700,Vrbovce zastávka,48.805,17.52851,2012-01-01T00:00:00,2050-12-31T00:00:00
16486300,Vrbovce,48.82458,17.51628,2012-01-01T00:00:00,2050-12-31T00:00:00
10116200,Vrbovce št. hr.,48.82933,17.51889,2012-01-01T00:00:00,2050-12-31T00:00:00
13026000,Brodské,48.69249,17.02313,2012-01-01T00:00:00,2050-12-31T00:00:00
10146900,Kúty št. hr.,48.71124,17.00023,2012-01-01T00:00:00,2050-12-31T00:00:00
13146600,Devínske Jazero,48.25013,16.96109,2012-01-01T00:00:00,2050-12-31T00:00:00
13096300,Zohor,48.325796,16.991366,2012-01-01T00:00:00,2050-12-31T00:00:00
13106000,Plavecký Štvrtok,48.3727,17.0074,2012-01-01T00:00:00,2050-12-31T00:00:00
13086400,Malacky,48.43255,17.02305,2012-01-01T00:00:00,2050-12-31T00:00:00
13076500,Závod,48.53908,17.00773,2012-01-01T00:00:00,2050-12-31T00:00:00
13056700,Moravský Svätý Ján,48.58558,17.00834,2012-01-01T00:00:00,2050-12-31T00:00:00
13046800,Sekule,48.60749,17.01903,2012-01-01T00:00:00,2050-12-31T00:00:00
13053400,Diviaky,48.87613,18.85041,2012-01-01T00:00:00,2050-12-31T00:00:00
13073200,Malý Čepčín,48.90482,18.84336,2012-01-01T00:00:00,2050-12-31T00:00:00
13063300,Jazernica,48.92815,18.83447,2012-01-01T00:00:00,2050-12-31T00:00:00
13043500,Kláštor pod Znievom,48.9564,18.85265,2012-01-01T00:00:00,2050-12-31T00:00:00
13023700,Košťany nad Turcom,49.02865,18.9058,2012-01-01T00:00:00,2050-12-31T00:00:00
13013800,Martin,49.06508,18.91541,2012-01-01T00:00:00,2050-12-31T00:00:00
13963400,Priekopa,49.097251,18.933907,2012-01-01T00:00:00,2050-12-31T00:00:00
17295700,Chrenovec,48.77825,18.71221,2012-01-01T00:00:00,2050-12-31T00:00:00
17345000,Jalovec,48.772841,18.74494,2012-01-01T00:00:00,2050-12-31T00:00:00
13730700,Kalša,48.61608,21.53327,2012-01-01T00:00:00,2050-12-31T00:00:00
14776900,Dolný Štál,47.95167,17.74245,2012-01-01T00:00:00,2050-12-31T00:00:00
15176100,Dolné Naštice,48.69045,18.24855,2012-01-01T00:00:00,2050-12-31T00:00:00
15156300,Horné Ozorovce,48.73725,18.23242,2012-01-01T00:00:00,2050-12-31T00:00:00
15136500,Ruskovce,48.74815,18.19739,2012-01-01T00:00:00,2050-12-31T00:00:00
15126600,Svinná,48.78119,18.17199,2012-01-01T00:00:00,2050-12-31T00:00:00
15116700,Trenčianske Jastrabie,48.80144,18.118,2012-01-01T00:00:00,2050-12-31T00:00:00
15096100,Soblahov,48.852867,18.061878,2012-01-01T00:00:00,2050-12-31T00:00:00
15086200,Trenčianska Turná,48.858807,18.019617,2012-01-01T00:00:00,2050-12-31T00:00:00
13876800,Trenčín predmestie,48.888,18.028393,2012-01-01T00:00:00,2050-12-31T00:00:00
13906300,Trenčianska Teplá obec,48.93432,18.117625,2012-01-01T00:00:00,2050-12-31T00:00:00
13955000,Kaňová,48.921611,18.144586,2012-01-01T00:00:00,2050-12-31T00:00:00
13946900,Trenčianske Teplice sídlisko,48.91547,18.15578,2012-01-01T00:00:00,2050-12-31T00:00:00
13926100,Trenčianske Teplice,48.9102,18.17059,2012-01-01T00:00:00,2050-12-31T00:00:00
17930900,Žilina-Solinky,49.19916,18.73289,2012-01-01T00:00:00,2050-12-31T00:00:00
17535600,Bytčica,49.18835,18.73068,2012-01-01T00:00:00,2050-12-31T00:00:00
17515800,Porúbka,49.149938,18.728342,2012-01-01T00:00:00,2050-12-31T00:00:00
17525700,Poluvsie,49.133177,18.703687,2012-01-01T00:00:00,2050-12-31T00:00:00
17765900,Rajecké Teplice,49.12937,18.67875,2012-01-01T00:00:00,2050-12-31T00:00:00
17755000,Konská pri Rajci,49.123054,18.667188,2012-01-01T00:00:00,2050-12-31T00:00:00
17935800,Zbyňov,49.117384,18.655892,2012-01-01T00:00:00,2050-12-31T00:00:00
17775800,Kľače,49.10669,18.64459,2012-01-01T00:00:00,2050-12-31T00:00:00
17745100,Rajec,49.09045,18.64393,2012-01-01T00:00:00,2050-12-31T00:00:00
13446000,Dvory nad Žitavou,47.96786,18.25121,2012-01-01T00:00:00,2050-12-31T00:00:00
13456900,Pribeta,47.938312,18.316183,2012-01-01T00:00:00,2050-12-31T00:00:00
13466800,Strekov,47.90012,18.39927,2012-01-01T00:00:00,2050-12-31T00:00:00
13496500,Nová Vieska,47.86889,18.46064,2012-01-01T00:00:00,2050-12-31T00:00:00
13486600,Gbelce,47.84974,18.50647,2012-01-01T00:00:00,2050-12-31T00:00:00
13516000,Mužla,47.812708,18.596895,2012-01-01T00:00:00,2050-12-31T00:00:00
10036200,Štúrovo št. hr.,47.8237,18.8521,2012-01-01T00:00:00,2050-12-31T00:00:00
19123900,Vlečka Priemyselný park Lozorno,48.331084,17.025697,2012-01-01T00:00:00,2050-12-31T00:00:00
13126800,Lozorno,48.33727,17.04224,2012-01-01T00:00:00,2050-12-31T00:00:00
14026900,Jablonové,48.35337,17.08887,2012-01-01T00:00:00,2050-12-31T00:00:00
14036800,Pernek pri Zohore,48.37975,17.12248,2012-01-01T00:00:00,2050-12-31T00:00:00
13663000,Rapovce,48.27608,19.67715,2012-01-01T00:00:00,2050-12-31T00:00:00
13943600,Mikušovce,48.303651,19.678488,2012-01-01T00:00:00,2050-12-31T00:00:00
19130400,Malé Straciny št. hr.,48.16339,19.5118,2012-01-01T00:00:00,2050-12-31T00:00:00
15123300,Bušince,48.16757,19.49902,2012-01-01T00:00:00,2050-12-31T00:00:00
13633300,Veľký Krtíš,48.20145,19.3628,2012-01-01T00:00:00,2050-12-31T00:00:00
13653100,Opatová pri Lučenci,48.33677,19.68184,2012-01-01T00:00:00,2050-12-31T00:00:00
14823900,Veľká Ves,48.38094,19.68668,2012-01-01T00:00:00,2050-12-31T00:00:00
14813000,Kalinovo,48.39522,19.70565,2012-01-01T00:00:00,2050-12-31T00:00:00
14833800,Breznička,48.42328,19.73973,2012-01-01T00:00:00,2050-12-31T00:00:00
14893200,Poltár,48.42867,19.79539,2012-01-01T00:00:00,2050-12-31T00:00:00
14903900,Slaná Lehota,48.45397,19.79318,2012-01-01T00:00:00,2050-12-31T00:00:00
14913800,České Brezovo,48.476951,19.801639,2012-01-01T00:00:00,2050-12-31T00:00:00
14963300,Kokava nad Rimavicou-Liešnica,48.546442,19.829797,2012-01-01T00:00:00,2050-12-31T00:00:00
14943500,Kokava nad Rimavicou,48.5668,19.84157,2012-01-01T00:00:00,2050-12-31T00:00:00
16456600,Lábske Jazero zastávka,48.334329,16.947184,2012-01-01T00:00:00,2050-12-31T00:00:00
13116900,Vysoká pri Morave,48.33371,16.91391,2012-01-01T00:00:00,2050-12-31T00:00:00
14016000,Vysoká pri Morave zastávka,48.357789,16.884871,2012-01-01T00:00:00,2050-12-31T00:00:00
12006300,Bratislava-Pálenisko,48.140712,17.140324,2012-01-01T00:00:00,2050-12-31T00:00:00
10016400,Rusovce št. hr.,48.01378,17.17948,2012-01-01T00:00:00,2050-12-31T00:00:00
14586200,Rusovce,48.04693,17.15077,2012-01-01T00:00:00,2050-12-31T00:00:00
10046100,Bratislava-Petržalka št. hr.,48.10293,17.0843,2012-01-01T00:00:00,2050-12-31T00:00:00
14516900,Bratislava predmestie,48.18458,17.134311,2012-01-01T00:00:00,2050-12-31T00:00:00
19128800,Bratislava východ odch. sk. Juh,48.1953,17.17293,2012-01-01T00:00:00,2050-12-31T00:00:00
14536700,Bratislava filiálka,48.161017,17.126222,2012-01-01T00:00:00,2050-12-31T00:00:00
14616700,Bratislava-Nové Mesto,48.171969,17.14668,2012-01-01T00:00:00,2050-12-31T00:00:00
19118900,Odb. Letisko,48.156582,17.191908,2012-01-01T00:00:00,2050-12-31T00:00:00
15786700,Neded,48.016597,17.959878,2012-01-01T00:00:00,2050-12-31T00:00:00
19021500,Komárno St. 4,47.772762,18.09695,2012-01-01T00:00:00,2050-12-31T00:00:00
18956300,Komárno zriaďovacia stanica,47.782103,18.169642,2012-01-01T00:00:00,2050-12-31T00:00:00
15836000,Chotín,47.808831,18.190012,2012-01-01T00:00:00,2050-12-31T00:00:00
16426900,Vyškovce nad Ipľom,48.054743,18.857219,2012-01-01T00:00:00,2050-12-31T00:00:00
15404700,Šahy,48.05931,18.95674,2012-01-01T00:00:00,2050-12-31T00:00:00
15424500,Hrkovce,48.087196,18.908951,2012-01-01T00:00:00,2050-12-31T00:00:00
15414600,Tupá,48.1053,18.89648,2012-01-01T00:00:00,2050-12-31T00:00:00
15434400,Slatina,48.14612,18.8903,2012-01-01T00:00:00,2050-12-31T00:00:00
14653000,Dudince,48.167044,18.88876,2012-01-01T00:00:00,2050-12-31T00:00:00
14663900,Terany,48.17832,18.90127,2012-01-01T00:00:00,2050-12-31T00:00:00
14673800,Dvorníky,48.1991,18.9238,2012-01-01T00:00:00,2050-12-31T00:00:00
14643100,Hontianske Tesáre,48.20839,18.93307,2012-01-01T00:00:00,2050-12-31T00:00:00
14973200,Utekáč,48.60347,19.80513,2012-01-01T00:00:00,2050-12-31T00:00:00
10003200,Fiľakovo št. hr.,48.1681,19.81987,2012-01-01T00:00:00,2050-12-31T00:00:00
13743000,Šiatorská Bukovinka,48.18586,19.81655,2012-01-01T00:00:00,2050-12-31T00:00:00
13733100,Radzovce,48.2202,19.83062,2012-01-01T00:00:00,2050-12-31T00:00:00
13723200,Belina,48.2417,19.84119,2012-01-01T00:00:00,2050-12-31T00:00:00
14853600,Mládzovo,48.436248,19.702542,2012-01-01T00:00:00,2050-12-31T00:00:00
14863500,Cinobaňa,48.44637,19.65819,2012-01-01T00:00:00,2050-12-31T00:00:00
19116300,Vlečka Maša,48.4535,19.6426,2012-01-01T00:00:00,2050-12-31T00:00:00
14873400,Maša,48.4584,19.638,2012-01-01T00:00:00,2050-12-31T00:00:00
14883300,Katarínska Huta,48.46373,19.6357,2012-01-01T00:00:00,2050-12-31T00:00:00
15020100,Gemerská Hôrka zastávka,48.53641,20.36444,2012-01-01T00:00:00,2050-12-31T00:00:00
15470800,Hucín,48.56374,20.29535,2012-01-01T00:00:00,2050-12-31T00:00:00
15420300,Revúcka Lehota,48.66567,20.17266,2012-01-01T00:00:00,2050-12-31T00:00:00
15410400,Mokrá Lúka,48.67121,20.14781,2012-01-01T00:00:00,2050-12-31T00:00:00
15400500,Revúca,48.67744,20.11458,2012-01-01T00:00:00,2050-12-31T00:00:00
15390800,Muránska Dlhá Lúka,48.71792,20.08325,2012-01-01T00:00:00,2050-12-31T00:00:00
15380900,Muráň,48.74048,20.05181,2012-01-01T00:00:00,2050-12-31T00:00:00
19110600,Vlečka Výskumný ústav,48.5602,20.4005,2012-01-01T00:00:00,2050-12-31T00:00:00
15570500,Pašková,48.59208,20.38809,2012-01-01T00:00:00,2050-12-31T00:00:00
15560600,Kunova Teplica,48.60804,20.38472,2012-01-01T00:00:00,2050-12-31T00:00:00
15550700,Štítnik mesto,48.66149,20.36893,2012-01-01T00:00:00,2050-12-31T00:00:00
15530900,Štítnik,48.66889,20.36267,2012-01-01T00:00:00,2050-12-31T00:00:00
15520000,Ochtiná,48.68577,20.3304,2012-01-01T00:00:00,2050-12-31T00:00:00
15510100,Rochovce,48.70125,20.29498,2012-01-01T00:00:00,2050-12-31T00:00:00
15500200,Slavošovce obec,48.711392,20.280059,2012-01-01T00:00:00,2050-12-31T00:00:00
15216500,Bánov,48.045443,18.1675,2012-01-01T00:00:00,2050-12-31T00:00:00
15206600,Šurany,48.08545,18.17267,2012-01-01T00:00:00,2050-12-31T00:00:00
15226400,Šurany zastávka,48.09068,18.19751,2012-01-01T00:00:00,2050-12-31T00:00:00
15606700,Úľany nad Žitavou,48.09806,18.23331,2012-01-01T00:00:00,2050-12-31T00:00:00
15696800,Kalná nad Hronom,48.20371,18.51956,2012-01-01T00:00:00,2050-12-31T00:00:00
15676000,Lok,48.1854,18.47304,2012-01-01T00:00:00,2050-12-31T00:00:00
15686900,Horný Pial,48.1597,18.44969,2012-01-01T00:00:00,2050-12-31T00:00:00
15666100,Jesenské údolie,48.160774,18.418191,2012-01-01T00:00:00,2050-12-31T00:00:00
15626500,Podhájska,48.10299,18.34472,2012-01-01T00:00:00,2050-12-31T00:00:00
15636400,Radava,48.0982,18.30558,2012-01-01T00:00:00,2050-12-31T00:00:00
15726300,Veľké Kozmálovce,48.28074,18.54896,2012-01-01T00:00:00,2050-12-31T00:00:00
15756000,Kozárovce,48.3108,18.53612,2012-01-01T00:00:00,2050-12-31T00:00:00
14023600,Psiare,48.32941,18.55149,2012-01-01T00:00:00,2050-12-31T00:00:00
14013700,Hronský Beňadik,48.34421,18.56132,2012-01-01T00:00:00,2050-12-31T00:00:00
14043400,Tekovská Breznica,48.38256,18.60449,2012-01-01T00:00:00,2050-12-31T00:00:00
14033500,Nová Baňa,48.41388,18.64856,2012-01-01T00:00:00,2050-12-31T00:00:00
14053300,Rudno nad Hronom,48.43512,18.68156,2012-01-01T00:00:00,2050-12-31T00:00:00
14083000,Voznica,48.46029,18.69161,2012-01-01T00:00:00,2050-12-31T00:00:00
14063200,Žarnovica,48.485889,18.727975,2012-01-01T00:00:00,2050-12-31T00:00:00
14103600,Bzenica,48.52944,18.73836,2012-01-01T00:00:00,2050-12-31T00:00:00
14093900,Hliník nad Hronom,48.53981,18.77129,2012-01-01T00:00:00,2050-12-31T00:00:00
14133300,Žiar nad Hronom zastávka,48.56857,18.85067,2012-01-01T00:00:00,2050-12-31T00:00:00
14123400,Žiar nad Hronom,48.57871,18.87078,2012-01-01T00:00:00,2050-12-31T00:00:00
19117100,Vlečka Šášovské Podhradie,48.5793,18.8719,2012-01-01T00:00:00,2050-12-31T00:00:00
14143200,Šášovské Podhradie,48.58866,18.90735,2012-01-01T00:00:00,2050-12-31T00:00:00
14153100,Jalná,48.58722,18.9559,2012-01-01T00:00:00,2050-12-31T00:00:00
15246200,Komjatice,48.15174,18.16386,2012-01-01T00:00:00,2050-12-31T00:00:00
15286800,Branč,48.20726,18.1372,2012-01-01T00:00:00,2050-12-31T00:00:00
15306400,Nitra,48.3015,18.07925,2012-01-01T00:00:00,2050-12-31T00:00:00
15316300,Nitra zastávka,48.311829,18.056717,2012-01-01T00:00:00,2050-12-31T00:00:00
15326200,Mlynárce,48.32524,18.03983,2012-01-01T00:00:00,2050-12-31T00:00:00
15336100,Lužianky,48.35184,18.02384,2012-01-01T00:00:00,2050-12-31T00:00:00
15396500,Čakajovce,48.372515,18.036118,2012-01-01T00:00:00,2050-12-31T00:00:00
15406200,Jelšovce,48.3837,18.05274,2012-01-01T00:00:00,2050-12-31T00:00:00
15426000,Výčapy-Opatovce,48.4121,18.0795,2012-01-01T00:00:00,2050-12-31T00:00:00
15416100,Koniarovce,48.42993,18.09046,2012-01-01T00:00:00,2050-12-31T00:00:00
15446800,Preseľany nad Nitrou zastávka,48.44844,18.0934,2012-01-01T00:00:00,2050-12-31T00:00:00
15476500,Kamanová,48.46643,18.09531,2012-01-01T00:00:00,2050-12-31T00:00:00
15466600,Mýtna Nová Ves,48.484201,18.103452,2012-01-01T00:00:00,2050-12-31T00:00:00
14353700,Brezno,48.80148,19.62889,2012-01-01T00:00:00,2050-12-31T00:00:00
13363700,Banská Bystrica,48.73475,19.16267,2012-01-01T00:00:00,2050-12-31T00:00:00
14446900,Čachtice,48.72163,17.79875,2012-01-01T00:00:00,2050-12-31T00:00:00
14821300,Vernár,48.882,20.2367,2012-01-01T00:00:00,2050-12-31T00:00:00
14276000,Šelpice,48.428043,17.537362,2012-01-01T00:00:00,2050-12-31T00:00:00
19004100,Trenčianska Teplá ÚRT,48.93691,18.11315,2012-01-01T00:00:00,2050-12-31T00:00:00
13936000,Trenčianske Teplice zastávka,48.9128,18.16424,2012-01-01T00:00:00,2050-12-31T00:00:00
18895300,Vrútky nákladná stanica,49.10815,18.95445,2012-01-01T00:00:00,2050-12-31T00:00:00
19007400,Potok odb.,49.19627,18.86786,2012-01-01T00:00:00,2050-12-31T00:00:00
16056400,Podhorany pri Lužiankach,48.371863,18.115966,2012-01-01T00:00:00,2050-12-31T00:00:00
14940100,Prakovce zastávka,48.82228,20.9193,2012-01-01T00:00:00,2050-12-31T00:00:00
13470000,Richnava,48.922767,20.925908,2012-01-01T00:00:00,2050-12-31T00:00:00
13833900,Rimavská Seč,48.30719,20.23042,2012-01-01T00:00:00,2050-12-31T00:00:00
14753800,Sása-Pliešovce,48.42732,19.13793,2012-01-01T00:00:00,2050-12-31T00:00:00
14986400,Sereď,48.29009,17.72688,2012-01-01T00:00:00,2050-12-31T00:00:00
17505900,Lietavská Lúčka,49.175746,18.718542,2012-01-01T00:00:00,2050-12-31T00:00:00
13553300,Lovinobaňa,48.44475,19.57487,2012-01-01T00:00:00,2050-12-31T00:00:00
15716400,Levice,48.21109,18.59264,2012-01-01T00:00:00,2050-12-31T00:00:00
13141700,Liptovský Hrádok,49.03804,19.72136,2012-01-01T00:00:00,2050-12-31T00:00:00
13101100,Liptovský Mikuláš,49.092,19.60618,2012-01-01T00:00:00,2050-12-31T00:00:00
15103500,Malé Straciny,48.20666,19.39851,2012-01-01T00:00:00,2050-12-31T00:00:00
15010200,Plešivec,48.55336,20.41277,2012-01-01T00:00:00,2050-12-31T00:00:00
10136000,Holíč nad Moravou št. hr.,48.837,17.12704,2012-01-01T00:00:00,2050-12-31T00:00:00
15720600,Ličartovce,48.873332,21.241086,2012-01-01T00:00:00,2050-12-31T00:00:00
13366000,Tešedíkovo,48.105629,17.85675,2012-01-01T00:00:00,2050-12-31T00:00:00
13226600,Bratislava ústredná nákladná stanica,48.14182,17.17273,2012-01-01T00:00:00,2050-12-31T00:00:00
13216700,Bratislava-Vajnory,48.1948,17.20669,2012-01-01T00:00:00,2050-12-31T00:00:00
14263800,Brusno kúpele,48.79175,19.38627,2012-01-01T00:00:00,2050-12-31T00:00:00
18145300,Čierne pri Čadci,49.49542,18.81958,2012-01-01T00:00:00,2050-12-31T00:00:00
13870100,Dobrá,48.40713,22.02501,2012-01-01T00:00:00,2050-12-31T00:00:00
17555400,Dohňany,49.14576,18.28713,2012-01-01T00:00:00,2050-12-31T00:00:00
14073100,Dolné Hámre,48.47495,18.71903,2012-01-01T00:00:00,2050-12-31T00:00:00
17425000,Dolný Kubín,49.21684,19.296906,2012-01-01T00:00:00,2050-12-31T00:00:00
16720500,Dúbravka,48.64006,21.89048,2012-01-01T00:00:00,2050-12-31T00:00:00
14326300,Holíč nad Moravou,48.81469,17.1499,2012-01-01T00:00:00,2050-12-31T00:00:00
13480900,Kluknava,48.913748,20.946724,2012-01-01T00:00:00,2050-12-31T00:00:00
19109800,"Vlečka Tatraligna a. s., prevádzka Levoča",49.010881,20.5948,2012-01-01T00:00:00,2050-12-31T00:00:00
13716600,Leopoldov,48.44168,17.75852,2012-01-01T00:00:00,2050-12-31T00:00:00
15656200,Pozba,48.11551,18.38807,2012-01-01T00:00:00,2050-12-31T00:00:00
15810500,Lada,49.04731,21.35914,2012-01-01T00:00:00,2050-12-31T00:00:00
18060400,Výh. Brzotín,48.61172,20.48334,2012-01-01T00:00:00,2050-12-31T00:00:00
15580400,Betliar,48.69942,20.50036,2012-01-01T00:00:00,2050-12-31T00:00:00
15660400,Vlachovo,48.79479,20.39116,2012-01-01T00:00:00,2050-12-31T00:00:00
15710700,Drienovská Nová Ves,48.911472,21.245198,2012-01-01T00:00:00,2050-12-31T00:00:00
19111400,Vlečka Vojenský opravárenský závod,48.63267,21.00829,2012-01-01T00:00:00,2050-12-31T00:00:00
18235200,Ochodnica,49.347492,18.806698,2012-01-01T00:00:00,2050-12-31T00:00:00
13340500,Spišské Tomášovce,48.96482,20.473823,2012-01-01T00:00:00,2050-12-31T00:00:00
17465600,Bziny,49.2294,19.32,2012-01-01T00:00:00,2050-12-31T00:00:00
15736200,Tlmače,48.29019,18.54093,2012-01-01T00:00:00,2050-12-31T00:00:00
14340400,Forbasy,49.29569,20.62027,2012-01-01T00:00:00,2050-12-31T00:00:00
19029800,Odb. Topoľčianky,48.398494,18.393946,2012-01-01T00:00:00,2050-12-31T00:00:00
16296600,Želiezovce,48.04421,18.64573,2012-01-01T00:00:00,2050-12-31T00:00:00
13890900,Čierna nad Tisou zastávka,48.41642,22.07036,2012-01-01T00:00:00,2050-12-31T00:00:00
13790100,Slovenské Nové Mesto,48.40282,21.6674,2012-01-01T00:00:00,2050-12-31T00:00:00
13690300,Vyšná Myšľa,48.63683,21.38213,2012-01-01T00:00:00,2050-12-31T00:00:00
13066600,Veľké Leváre,48.50923,17.01864,2012-01-01T00:00:00,2050-12-31T00:00:00
14006100,Záhorská Ves,48.37749,16.84462,2012-01-01T00:00:00,2050-12-31T00:00:00
18730200,Výh. Slivník,48.60062,21.57339,2012-01-01T00:00:00,2050-12-31T00:00:00
13883400,Abovce,48.31737,20.3296,2012-01-01T00:00:00,2050-12-31T00:00:00
17275900,Nitrianske Pravno,48.864504,18.634491,2012-01-01T00:00:00,2050-12-31T00:00:00
14906200,Komárno,47.7693,18.1259,2012-01-01T00:00:00,2050-12-31T00:00:00
13613500,Lučenec,48.336,19.6675,2012-01-01T00:00:00,2050-12-31T00:00:00
15440100,Jelšava,48.62327,20.24217,2012-01-01T00:00:00,2050-12-31T00:00:00
13316500,Pusté Úľany,48.208132,17.543315,2012-01-01T00:00:00,2050-12-31T00:00:00
15890700,Hanušovce nad Topľou mesto,49.024193,21.504707,2012-01-01T00:00:00,2050-12-31T00:00:00
10006500,Devínska Nová Ves št. hr.,48.24134,16.94675,2012-01-01T00:00:00,2050-12-31T00:00:00
13460100,Krompachy,48.92171,20.88621,2012-01-01T00:00:00,2050-12-31T00:00:00
17045600,Ladce,49.03435,18.29039,2012-01-01T00:00:00,2050-12-31T00:00:00
18002600,Výh. Dvorníky-Zádiel,48.59942,20.8327,2012-01-01T00:00:00,2050-12-31T00:00:00
14668800,Kvetoslavov zastávka,48.060256,17.341254,2012-01-01T00:00:00,2050-12-31T00:00:00
15304900,Tisovec závody,48.66941,19.946,2012-01-01T00:00:00,2050-12-31T00:00:00
15146400,Bánovce nad Bebravou,48.72036,18.25121,2012-01-01T00:00:00,2050-12-31T00:00:00
14130900,Dolný Smokovec,49.132079,20.239761,2012-01-01T00:00:00,2050-12-31T00:00:00
19027200,Zvolen východ výh. č. 302,48.572036,19.177365,2012-01-01T00:00:00,2050-12-31T00:00:00
15266000,Veľký Kýr,48.18339,18.1507,2012-01-01T00:00:00,2050-12-31T00:00:00
13916200,Trenčianska Teplá zastávka,48.930084,18.128772,2012-01-01T00:00:00,2050-12-31T00:00:00
16130700,Udavské,48.96574,21.94706,2012-01-01T00:00:00,2050-12-31T00:00:00
15456700,Ludanice,48.504293,18.11878,2012-01-01T00:00:00,2050-12-31T00:00:00
15486400,Chrabrany,48.53164,18.14787,2012-01-01T00:00:00,2050-12-31T00:00:00
15506900,Topoľčany,48.56238,18.16916,2012-01-01T00:00:00,2050-12-31T00:00:00
15516800,Krušovce,48.582715,18.201796,2012-01-01T00:00:00,2050-12-31T00:00:00
13020300,Haniska pri Košiciach ŠRT,48.625222,21.239405,2012-01-01T00:00:00,2050-12-31T00:00:00
10090900,Čierna nad Tisou ŠRT št. hr.,48.43264,22.13769,2012-01-01T00:00:00,2050-12-31T00:00:00
19999200,Čierna nad Tisou ŠRT,48.42337,22.08458,2012-01-01T00:00:00,2050-12-31T00:00:00
15430200,Lubeník,48.65253,20.1954,2012-01-01T00:00:00,2050-12-31T00:00:00
13713300,Prša,48.29701,19.79157,2012-01-01T00:00:00,2050-12-31T00:00:00
16330300,Snina mesto,48.98989,22.15668,2012-01-01T00:00:00,2050-12-31T00:00:00
16600900,Šiba,49.23331,21.24238,2012-01-01T00:00:00,2050-12-31T00:00:00
17735200,Nosice,49.13323,18.354206,2012-01-01T00:00:00,2050-12-31T00:00:00
13403100,Radvaň,48.716549,19.140841,2012-01-01T00:00:00,2050-12-31T00:00:00
13323100,Harmanec,48.7976,19.0748,2012-01-01T00:00:00,2050-12-31T00:00:00
17335100,Remäta,48.75282,18.80525,2012-01-01T00:00:00,2050-12-31T00:00:00
15746100,Hronské Kľačany,48.247,18.58209,2012-01-01T00:00:00,2050-12-31T00:00:00
18236000,Výh. Dúbrava,48.5822,17.44273,2012-01-01T00:00:00,2050-12-31T00:00:00
15106800,Mníchova Lehota,48.81325,18.08719,2012-01-01T00:00:00,2050-12-31T00:00:00
10085900,Čadca št. hr.,49.49439,18.76439,2012-01-01T00:00:00,2050-12-31T00:00:00
18325100,Skalité-Kudlov,49.49884,18.93569,2012-01-01T00:00:00,2050-12-31T00:00:00
13490800,Margecany,48.89469,21.01324,2012-01-01T00:00:00,2050-12-31T00:00:00
13320700,Spišský Štiavnik,49.0045,20.3797,2012-01-01T00:00:00,2050-12-31T00:00:00
17265000,Nedožery,48.815526,18.64543,2012-01-01T00:00:00,2050-12-31T00:00:00
10026300,Komárno št. hr.,47.7571,18.0872,2012-01-01T00:00:00,2050-12-31T00:00:00
15293400,Rimavská Baňa,48.50992,19.94454,2012-01-01T00:00:00,2050-12-31T00:00:00
18233700,Zvolen východ,48.572682,19.160703,2012-01-01T00:00:00,2050-12-31T00:00:00
17435900,Dolný Kubín zastávka,49.21183,19.27946,2012-01-01T00:00:00,2050-12-31T00:00:00
16950800,Krišovská Liesková,48.56698,22.03459,2012-01-01T00:00:00,2050-12-31T00:00:00
16840100,Vojany,48.57161,21.99773,2012-01-01T00:00:00,2050-12-31T00:00:00
16820300,Drahňov,48.59729,21.97174,2012-01-01T00:00:00,2050-12-31T00:00:00
16710600,Hatalov,48.65181,21.87001,2012-01-01T00:00:00,2050-12-31T00:00:00
19006600,Hatalov odb.,48.68207,21.84552,2012-01-01T00:00:00,2050-12-31T00:00:00
16070500,Hažín nad Cirochou,48.932133,21.958126,2012-01-01T00:00:00,2050-12-31T00:00:00
16080400,Kamenica nad Cirochou,48.933803,21.990302,2012-01-01T00:00:00,2050-12-31T00:00:00
16090300,Kamenica nad Cirochou dvor,48.936426,22.000694,2012-01-01T00:00:00,2050-12-31T00:00:00
16100000,Modra nad Cirochou,48.94822,22.0354,2012-01-01T00:00:00,2050-12-31T00:00:00
16110900,Dlhé nad Cirochou,48.95489,22.05519,2012-01-01T00:00:00,2050-12-31T00:00:00
16120800,Dlhé nad Cirochou obec,48.9586,22.06654,2012-01-01T00:00:00,2050-12-31T00:00:00
16310500,Belá nad Cirochou,48.97813,22.10312,2012-01-01T00:00:00,2050-12-31T00:00:00
16320400,Snina predmestie,48.99073,22.13573,2012-01-01T00:00:00,2050-12-31T00:00:00
16300600,Snina,48.983733,22.172956,2012-01-01T00:00:00,2050-12-31T00:00:00
16340200,Stakčín,48.996219,22.218141,2012-01-01T00:00:00,2050-12-31T00:00:00
13913900,Štrkovec,48.35494,20.32814,2012-01-01T00:00:00,2050-12-31T00:00:00
13923800,Včelínce,48.38955,20.3267,2012-01-01T00:00:00,2050-12-31T00:00:00
13903000,Tornaľa,48.42268,20.33092,2012-01-01T00:00:00,2050-12-31T00:00:00
13933700,Gemer,48.45736,20.34642,2012-01-01T00:00:00,2050-12-31T00:00:00
15512700,Gemerská Panica,48.48063,20.35977,2012-01-01T00:00:00,2050-12-31T00:00:00
15522600,Čoltovo,48.4942,20.37041,2012-01-01T00:00:00,2050-12-31T00:00:00
15532500,Bohúňovo,48.51194,20.38037,2012-01-01T00:00:00,2050-12-31T00:00:00
15502800,Gemerská Hôrka,48.5359,20.38496,2012-01-01T00:00:00,2050-12-31T00:00:00
15030000,Vidová,48.56194,20.44182,2012-01-01T00:00:00,2050-12-31T00:00:00
15040900,Slavec jaskyňa,48.58208,20.46776,2012-01-01T00:00:00,2050-12-31T00:00:00
15060700,Rožňava,48.63529,20.51402,2012-01-01T00:00:00,2050-12-31T00:00:00
15260300,Hutníky,48.60974,21.20715,2012-01-01T00:00:00,2050-12-31T00:00:00
15250400,Veľká Ida,48.59126,21.17186,2012-01-01T00:00:00,2050-12-31T00:00:00
18004200,Výh. Chym,48.58636,21.11114,2012-01-01T00:00:00,2050-12-31T00:00:00
15210800,Cestice,48.58641,21.09787,2012-01-01T00:00:00,2050-12-31T00:00:00
15200900,Čečejovce,48.58645,21.06858,2012-01-01T00:00:00,2050-12-31T00:00:00
15190200,Mokrance,48.59103,21.02178,2012-01-01T00:00:00,2050-12-31T00:00:00
13527700,Štúrovo tranzitná skupina,47.79857,18.663819,2012-01-01T00:00:00,2050-12-31T00:00:00
13680400,Nižná Myšľa,48.62929,21.37178,2012-01-01T00:00:00,2050-12-31T00:00:00
15610900,Nižná Slaná obec,48.72483,20.41749,2012-01-01T00:00:00,2050-12-31T00:00:00
17235300,Nováky,48.71838,18.53625,2012-01-01T00:00:00,2050-12-31T00:00:00
13526900,Štúrovo,47.80021,18.67968,2012-01-01T00:00:00,2050-12-31T00:00:00
14633200,Banský Studenec,48.45502,18.93691,2012-01-01T00:00:00,2050-12-31T00:00:00
16210700,Nižné Čabiny,49.17329,21.90057,2012-01-01T00:00:00,2050-12-31T00:00:00
13153200,Bartošova Lehôtka,48.63724,18.91193,2012-01-01T00:00:00,2050-12-31T00:00:00
13296900,Sládkovičovo,48.19587,17.62928,2012-01-01T00:00:00,2050-12-31T00:00:00
15490600,Slavošovce,48.71937,20.26998,2012-01-01T00:00:00,2050-12-31T00:00:00
14216600,Smolenice,48.52044,17.45539,2012-01-01T00:00:00,2050-12-31T00:00:00
14520100,Spišské Podhradie,48.99578,20.75606,2012-01-01T00:00:00,2050-12-31T00:00:00
16630600,Stanča,48.56561,21.65839,2012-01-01T00:00:00,2050-12-31T00:00:00
14350300,Stará Ľubovňa,49.30834,20.68005,2012-01-01T00:00:00,2050-12-31T00:00:00
19011600,Tatranská Lomnica TEŽ,49.16524,20.27959,2012-01-01T00:00:00,2050-12-31T00:00:00
13600200,Košice,48.72291,21.26872,2012-01-01T00:00:00,2050-12-31T00:00:00
13161500,Kráľova Lehota,49.0256,19.78629,2012-01-01T00:00:00,2050-12-31T00:00:00
14506000,Bratislava východ,48.198792,17.161567,2012-01-01T00:00:00,2050-12-31T00:00:00
15826100,Hurbanovo,47.87671,18.20363,2012-01-01T00:00:00,2050-12-31T00:00:00
15816200,Bajč,47.92652,18.21138,2012-01-01T00:00:00,2050-12-31T00:00:00
10013100,Lenartovce št. hr.,48.30155,20.33743,2012-01-01T00:00:00,2050-12-31T00:00:00
13873500,Lenartovce,48.30244,20.32943,2012-01-01T00:00:00,2050-12-31T00:00:00
13863600,Číž kúpele,48.30518,20.27793,2012-01-01T00:00:00,2050-12-31T00:00:00
18008300,Výh. Lúčna,48.30916,20.25673,2012-01-01T00:00:00,2050-12-31T00:00:00
18007500,Výh. Vinohrady,48.302787,20.14237,2012-01-01T00:00:00,2050-12-31T00:00:00
13853700,Orávka,48.30528,20.1956,2012-01-01T00:00:00,2050-12-31T00:00:00
13843800,Dubovec,48.30513,20.15654,2012-01-01T00:00:00,2050-12-31T00:00:00
13803200,Jesenské,48.29954,20.06125,2012-01-01T00:00:00,2050-12-31T00:00:00
13813100,Gortva,48.30083,20.0275,2012-01-01T00:00:00,2050-12-31T00:00:00
18813600,Výh. Lúka,48.302618,20.013004,2012-01-01T00:00:00,2050-12-31T00:00:00
13793500,Hodejov,48.29632,19.9798,2012-01-01T00:00:00,2050-12-31T00:00:00
13783600,Blhovce,48.27714,19.95512,2012-01-01T00:00:00,2050-12-31T00:00:00
13753900,Hajnáčka,48.235021,19.932182,2012-01-01T00:00:00,2050-12-31T00:00:00
13773700,Čamovce,48.25055,19.88937,2012-01-01T00:00:00,2050-12-31T00:00:00
13763800,Šíd,48.2671,19.8774,2012-01-01T00:00:00,2050-12-31T00:00:00
13693700,Fiľakovo,48.266341,19.832382,2012-01-01T00:00:00,2050-12-31T00:00:00
13703400,Fiľakovo zastávka,48.2738,19.8274,2012-01-01T00:00:00,2050-12-31T00:00:00
13623400,Holiša,48.30426,19.7417,2012-01-01T00:00:00,2050-12-31T00:00:00
18003400,Výh. Holiša,48.305378,19.734342,2012-01-01T00:00:00,2050-12-31T00:00:00
13603600,Tomášovce,48.36948,19.62647,2012-01-01T00:00:00,2050-12-31T00:00:00
13593900,Podrečany,48.40539,19.59957,2012-01-01T00:00:00,2050-12-31T00:00:00
13583000,Lovinobaňa zastávka,48.43401,19.58537,2012-01-01T00:00:00,2050-12-31T00:00:00
13573100,Mýtna,48.46588,19.54741,2012-01-01T00:00:00,2050-12-31T00:00:00
13563200,Píla,48.48301,19.51477,2012-01-01T00:00:00,2050-12-31T00:00:00
13543400,Podkriváň,48.51636,19.46699,2012-01-01T00:00:00,2050-12-31T00:00:00
13523600,Kriváň,48.52854,19.44571,2012-01-01T00:00:00,2050-12-31T00:00:00
13533500,Detva,48.53382,19.40588,2012-01-01T00:00:00,2050-12-31T00:00:00
13513700,Stožok,48.53824,19.35793,2012-01-01T00:00:00,2050-12-31T00:00:00
13503800,Pstruša,48.55336,19.31244,2012-01-01T00:00:00,2050-12-31T00:00:00
13473400,Vígľaš,48.55407,19.28319,2012-01-01T00:00:00,2050-12-31T00:00:00
13493200,Zvolenská Slatina,48.55889,19.26077,2012-01-01T00:00:00,2050-12-31T00:00:00
18493700,Výh. Slatinka,48.56079,19.23183,2012-01-01T00:00:00,2050-12-31T00:00:00
15766900,Kozárovce zastávka,48.31251,18.51819,2012-01-01T00:00:00,2050-12-31T00:00:00
16096000,Sľažany,48.37954,18.31183,2012-01-01T00:00:00,2050-12-31T00:00:00
16076200,Jelenec,48.37393,18.23836,2012-01-01T00:00:00,2050-12-31T00:00:00
16066300,Žirany,48.38271,18.16969,2012-01-01T00:00:00,2050-12-31T00:00:00
16046500,Dražovce,48.35802,18.05474,2012-01-01T00:00:00,2050-12-31T00:00:00
16256000,Topoľčianky,48.411756,18.406885,2012-01-01T00:00:00,2050-12-31T00:00:00
16156200,Malá Maňa,48.136416,18.258268,2012-01-01T00:00:00,2050-12-31T00:00:00
15542400,Maňa zastávka,48.14647,18.26415,2012-01-01T00:00:00,2050-12-31T00:00:00
16166100,Kmeťovo,48.168075,18.27668,2012-01-01T00:00:00,2050-12-31T00:00:00
16176000,Michal nad Žitavou,48.183443,18.281615,2012-01-01T00:00:00,2050-12-31T00:00:00
16216400,Martinová,48.1988,18.2801,2012-01-01T00:00:00,2050-12-31T00:00:00
16206500,Lúčnica nad Žitavou,48.21741,18.28332,2012-01-01T00:00:00,2050-12-31T00:00:00
16196800,Dyčka,48.234793,18.287215,2012-01-01T00:00:00,2050-12-31T00:00:00
16186900,Vráble,48.254609,18.300647,2012-01-01T00:00:00,2050-12-31T00:00:00
16236200,Nová Ves nad Žitavou,48.292331,18.321,2012-01-01T00:00:00,2050-12-31T00:00:00
16226300,Tesárske Mlyňany,48.34308,18.359406,2012-01-01T00:00:00,2050-12-31T00:00:00
16116600,Zlaté Moravce,48.385927,18.376737,2012-01-01T00:00:00,2050-12-31T00:00:00
16376600,Kamenný Most nad Hronom,47.848918,18.65472,2012-01-01T00:00:00,2050-12-31T00:00:00
16366700,Kamenín,47.88797,18.642,2012-01-01T00:00:00,2050-12-31T00:00:00
16346900,Bíňa,47.920076,18.635025,2012-01-01T00:00:00,2050-12-31T00:00:00
16356800,Bíňa zastávka,47.935724,18.643799,2012-01-01T00:00:00,2050-12-31T00:00:00
16326100,Čata,47.95622,18.64864,2012-01-01T00:00:00,2050-12-31T00:00:00
16316200,Pohronský Ruskov,47.97526,18.6486,2012-01-01T00:00:00,2050-12-31T00:00:00
13293600,Horná Štubňa obec,48.831136,18.877859,2012-01-01T00:00:00,2050-12-31T00:00:00
10000800,Čierna nad Tisou št. hr.,48.4326,22.13771,2012-01-01T00:00:00,2050-12-31T00:00:00
13880000,Biel,48.41355,22.05629,2012-01-01T00:00:00,2050-12-31T00:00:00
15566300,Partizánske zastávka,48.627179,18.393559,2012-01-01T00:00:00,2050-12-31T00:00:00
18693200,Výh. Urbánka,48.273225,19.848915,2012-01-01T00:00:00,2050-12-31T00:00:00
17355900,Sklené pri Handlovej,48.782749,18.842227,2012-01-01T00:00:00,2050-12-31T00:00:00
13673900,Kalonda,48.25853,19.65965,2012-01-01T00:00:00,2050-12-31T00:00:00
15480700,Gemerský Milhosť,48.59214,20.28535,2012-01-01T00:00:00,2050-12-31T00:00:00
16086100,Ladice,48.37968,18.26657,2012-01-01T00:00:00,2050-12-31T00:00:00
14703300,Devičie,48.302609,19.027762,2012-01-01T00:00:00,2050-12-31T00:00:00
14783500,Dobrá Niva zastávka,48.46882,19.10344,2012-01-01T00:00:00,2050-12-31T00:00:00
15323900,Hrachovo,48.464817,19.960171,2012-01-01T00:00:00,2050-12-31T00:00:00
16306300,Hronovce,48.00617,18.65016,2012-01-01T00:00:00,2050-12-31T00:00:00
19105600,Vlečka Prelika,48.9956,21.233,2012-01-01T00:00:00,2050-12-31T00:00:00
14836100,Okoličná na Ostrove,47.793198,17.9003,2012-01-01T00:00:00,2050-12-31T00:00:00
17565300,Púchov zastávka,49.11633,18.30593,2012-01-01T00:00:00,2050-12-31T00:00:00
16190100,Radvaň nad Laborcom,49.13492,21.92189,2012-01-01T00:00:00,2050-12-31T00:00:00
18195800,Raková-Zemanov,49.443296,18.751581,2012-01-01T00:00:00,2050-12-31T00:00:00
17325200,Ráztočno,48.768014,18.762331,2012-01-01T00:00:00,2050-12-31T00:00:00
13893300,Riečka,48.33663,20.33453,2012-01-01T00:00:00,2050-12-31T00:00:00
15203300,Tisovec mesto,48.6803,19.9473,2012-01-01T00:00:00,2050-12-31T00:00:00
13570700,Trebejov,48.83629,21.21885,2012-01-01T00:00:00,2050-12-31T00:00:00
13886700,Trenčianska Teplá,48.93764,18.113322,2012-01-01T00:00:00,2050-12-31T00:00:00
13386800,Trnovec nad Váhom,48.15306,17.92677,2012-01-01T00:00:00,2050-12-31T00:00:00
17825100,Turany,49.10984,19.03832,2012-01-01T00:00:00,2050-12-31T00:00:00
13333000,Uľanka,48.80154,19.09974,2012-01-01T00:00:00,2050-12-31T00:00:00
14426100,Vaďovce,48.73112,17.72465,2012-01-01T00:00:00,2050-12-31T00:00:00
14916100,Hadovce,47.78652,18.07908,2012-01-01T00:00:00,2050-12-31T00:00:00
15616600,Hul,48.0984,18.26589,2012-01-01T00:00:00,2050-12-31T00:00:00
15276900,Ivanka pri Nitre,48.24432,18.10959,2012-01-01T00:00:00,2050-12-31T00:00:00
14166300,Jablonica,48.606372,17.409431,2012-01-01T00:00:00,2050-12-31T00:00:00
16470700,Kochanovce,48.95422,21.94545,2012-01-01T00:00:00,2050-12-31T00:00:00
15460900,Jelšavská Teplica,48.59994,20.27312,2012-01-01T00:00:00,2050-12-31T00:00:00
15820400,Fulianka,49.06741,21.334,2012-01-01T00:00:00,2050-12-31T00:00:00
15830300,Tulčík,49.08837,21.30677,2012-01-01T00:00:00,2050-12-31T00:00:00
15840200,Demjata,49.09992,21.31268,2012-01-01T00:00:00,2050-12-31T00:00:00
15850100,Demjata obec,49.10748,21.31248,2012-01-01T00:00:00,2050-12-31T00:00:00
16550600,Raslavice,49.14945,21.31413,2012-01-01T00:00:00,2050-12-31T00:00:00
16490500,Vaniškovce,49.165162,21.29009,2012-01-01T00:00:00,2050-12-31T00:00:00
16570400,Bartošovce,49.19733,21.27781,2012-01-01T00:00:00,2050-12-31T00:00:00
16580300,Hertník,49.215922,21.266622,2012-01-01T00:00:00,2050-12-31T00:00:00
16610800,Kľušov,49.261,21.25052,2012-01-01T00:00:00,2050-12-31T00:00:00
16590200,Bardejov,49.29661,21.28301,2012-01-01T00:00:00,2050-12-31T00:00:00
15230600,Moldava nad Bodvou mesto,48.61248,21.00529,2012-01-01T00:00:00,2050-12-31T00:00:00
15240500,Debraď,48.649895,21.005988,2012-01-01T00:00:00,2050-12-31T00:00:00
15670300,Jasov,48.68351,20.96865,2012-01-01T00:00:00,2050-12-31T00:00:00
15680200,Počkaj,48.69405,20.93865,2012-01-01T00:00:00,2050-12-31T00:00:00
15700800,Medzev,48.69821,20.90389,2012-01-01T00:00:00,2050-12-31T00:00:00
10010700,Maťovce ŠRT št. hr.,48.56241,22.16063,2012-01-01T00:00:00,2050-12-31T00:00:00
16170300,Zbudské Dlhé,49.07283,21.95494,2012-01-01T00:00:00,2050-12-31T00:00:00
16200800,Volica,49.15489,21.91285,2012-01-01T00:00:00,2050-12-31T00:00:00
16230500,Vyšné Čabiny,49.18774,21.89711,2012-01-01T00:00:00,2050-12-31T00:00:00
16270100,Monastyr,49.22786,21.89442,2012-01-01T00:00:00,2050-12-31T00:00:00
16250300,Krásny Brod,49.24194,21.90393,2012-01-01T00:00:00,2050-12-31T00:00:00
16220600,Medzilaborce,49.26186,21.90506,2012-01-01T00:00:00,2050-12-31T00:00:00
16260200,Medzilaborce mesto,49.27398,21.90088,2012-01-01T00:00:00,2050-12-31T00:00:00
10060200,Medzilaborce št. hr.,49.25086,22.03846,2012-01-01T00:00:00,2050-12-31T00:00:00
18640300,Čeľovce,48.61264,21.629827,2012-01-01T00:00:00,2050-12-31T00:00:00
19028000,Výh. Slivník výh. č. 8,48.60604,21.56711,2012-01-01T00:00:00,2050-12-31T00:00:00
16660300,Trebišov zastávka,48.64449,21.71506,2012-01-01T00:00:00,2050-12-31T00:00:00
16670200,Milhostov,48.6654,21.70489,2012-01-01T00:00:00,2050-12-31T00:00:00
16680100,Vojčice,48.680329,21.699103,2012-01-01T00:00:00,2050-12-31T00:00:00
16760100,Sečovce,48.70419,21.66598,2012-01-01T00:00:00,2050-12-31T00:00:00
16770000,Dvorianky,48.72936,21.67774,2012-01-01T00:00:00,2050-12-31T00:00:00
16790800,Parchovany,48.7494,21.69731,2012-01-01T00:00:00,2050-12-31T00:00:00
15526700,Bošany,48.592997,18.2419,2012-01-01T00:00:00,2050-12-31T00:00:00
15196900,Chynorany,48.608028,18.275052,2012-01-01T00:00:00,2050-12-31T00:00:00
15536600,Žabokreky nad Nitrou,48.61756,18.29945,2012-01-01T00:00:00,2050-12-31T00:00:00
15546500,Veľké Bielice,48.624645,18.349656,2012-01-01T00:00:00,2050-12-31T00:00:00
15556400,Partizánske,48.62741,18.37056,2012-01-01T00:00:00,2050-12-31T00:00:00
15576200,Veľké Uherce,48.625561,18.425232,2012-01-01T00:00:00,2050-12-31T00:00:00
15586100,Oslany,48.641497,18.46462,2012-01-01T00:00:00,2050-12-31T00:00:00
17205600,Bystričany,48.658867,18.48969,2012-01-01T00:00:00,2050-12-31T00:00:00
17245200,Koš,48.748781,18.57421,2012-01-01T00:00:00,2050-12-31T00:00:00
17255100,Prievidza,48.77477,18.61659,2012-01-01T00:00:00,2050-12-31T00:00:00
17285800,Pravenec,48.840218,18.645086,2012-01-01T00:00:00,2050-12-31T00:00:00
15366800,Čab-Sila,48.392877,17.997256,2012-01-01T00:00:00,2050-12-31T00:00:00
15376700,Čab-Sila zastávka,48.405333,17.985826,2012-01-01T00:00:00,2050-12-31T00:00:00
15386600,Nové Sady,48.4145,17.97986,2012-01-01T00:00:00,2050-12-31T00:00:00
16036600,Malé Zálužie,48.436518,17.987151,2012-01-01T00:00:00,2050-12-31T00:00:00
16026700,Kapince,48.44745,17.98136,2012-01-01T00:00:00,2050-12-31T00:00:00
16016800,Biskupová,48.46254,17.97981,2012-01-01T00:00:00,2050-12-31T00:00:00
15996200,Malé Ripňany,48.47597,17.98543,2012-01-01T00:00:00,2050-12-31T00:00:00
15986300,Veľké Ripňany,48.50011,17.98172,2012-01-01T00:00:00,2050-12-31T00:00:00
15976400,Behynce,48.519021,17.975693,2012-01-01T00:00:00,2050-12-31T00:00:00
15966500,Radošina,48.54663,17.94145,2012-01-01T00:00:00,2050-12-31T00:00:00
16126500,Zlaté Moravce závody,48.39705,18.40261,2012-01-01T00:00:00,2050-12-31T00:00:00
15776800,Volkovce,48.34692,18.46233,2012-01-01T00:00:00,2050-12-31T00:00:00
14693600,Domaníky,48.263613,18.992336,2012-01-01T00:00:00,2050-12-31T00:00:00
14723100,Bzovík,48.32562,19.05924,2012-01-01T00:00:00,2050-12-31T00:00:00
18803700,Breziny nákladisko,48.521089,19.107316,2012-01-01T00:00:00,2050-12-31T00:00:00
14803100,Breziny,48.51575,19.09834,2012-01-01T00:00:00,2050-12-31T00:00:00
14793400,Podzámčok,48.499858,19.097328,2012-01-01T00:00:00,2050-12-31T00:00:00
14773600,Dobrá Niva,48.48086,19.10188,2012-01-01T00:00:00,2050-12-31T00:00:00
14763700,Bzovská Lehôtka,48.42042,19.13008,2012-01-01T00:00:00,2050-12-31T00:00:00
14743900,Babiná,48.41276,19.08694,2012-01-01T00:00:00,2050-12-31T00:00:00
14733000,Krupina predmestie,48.36047,19.06697,2012-01-01T00:00:00,2050-12-31T00:00:00
14713200,Krupina,48.3466,19.0685,2012-01-01T00:00:00,2050-12-31T00:00:00
15346000,Zbehy obec,48.368711,18.012328,2012-01-01T00:00:00,2050-12-31T00:00:00
16700700,Laškovce,48.69636,21.85185,2012-01-01T00:00:00,2050-12-31T00:00:00
16740300,Michalovce zastávka,48.729827,21.88689,2012-01-01T00:00:00,2050-12-31T00:00:00
16750200,Petrovce nad Laborcom,48.79786,21.86005,2012-01-01T00:00:00,2050-12-31T00:00:00
16030900,Nacina Ves,48.8181,21.8435,2012-01-01T00:00:00,2050-12-31T00:00:00
15600000,Nižná Slaná,48.73624,20.41861,2012-01-01T00:00:00,2050-12-31T00:00:00
15630700,Gočovo,48.75568,20.41667,2012-01-01T00:00:00,2050-12-31T00:00:00
15650500,Vlachovo obec,48.77028,20.41178,2012-01-01T00:00:00,2050-12-31T00:00:00
15640600,Dobšiná,48.81336,20.38419,2012-01-01T00:00:00,2050-12-31T00:00:00
15740400,Obišovce,48.861856,21.238981,2012-01-01T00:00:00,2050-12-31T00:00:00
16960700,Drienovská Nová Ves obec,48.90065,21.24558,2012-01-01T00:00:00,2050-12-31T00:00:00
15730500,Kendice,48.92614,21.24745,2012-01-01T00:00:00,2050-12-31T00:00:00
15770100,Haniska pri Prešove,48.95686,21.24086,2012-01-01T00:00:00,2050-12-31T00:00:00
15750300,Prešov,48.983379,21.249126,2012-01-01T00:00:00,2050-12-31T00:00:00
15760200,Prešov mesto,48.9947,21.2336,2012-01-01T00:00:00,2050-12-31T00:00:00
16350100,Veľký Šariš,49.04477,21.20295,2012-01-01T00:00:00,2050-12-31T00:00:00
16370900,Šarišské Michaľany,49.06529,21.13993,2012-01-01T00:00:00,2050-12-31T00:00:00
19122100,Vlečka Imuna,49.0651,21.1375,2012-01-01T00:00:00,2050-12-31T00:00:00
16390700,Orkucany,49.087221,21.109484,2012-01-01T00:00:00,2050-12-31T00:00:00
16380800,Sabinov,49.10324,21.0886,2012-01-01T00:00:00,2050-12-31T00:00:00
16400400,Pečovská Nová Ves,49.12068,21.04053,2012-01-01T00:00:00,2050-12-31T00:00:00
16420200,Červenica,49.1328,21.0244,2012-01-01T00:00:00,2050-12-31T00:00:00
16430100,Rožkovany,49.143217,20.993266,2012-01-01T00:00:00,2050-12-31T00:00:00
16410300,Lipany,49.15203,20.95992,2012-01-01T00:00:00,2050-12-31T00:00:00
16440000,Krivany,49.17266,20.92134,2012-01-01T00:00:00,2050-12-31T00:00:00
16460800,Pusté Pole,49.213821,20.914439,2012-01-01T00:00:00,2050-12-31T00:00:00
16520900,Ďurková,49.24512,20.87615,2012-01-01T00:00:00,2050-12-31T00:00:00
16530800,Ľubotín,49.26235,20.8734,2012-01-01T00:00:00,2050-12-31T00:00:00
16940900,Orlov,49.27928,20.86926,2012-01-01T00:00:00,2050-12-31T00:00:00
16930000,Čirč,49.28961,20.9102,2012-01-01T00:00:00,2050-12-31T00:00:00
10040400,Plaveč št. hr.,49.29605,20.92397,2012-01-01T00:00:00,2050-12-31T00:00:00
14626600,Podunajské Biskupice,48.131326,17.220741,2012-01-01T00:00:00,2050-12-31T00:00:00
14646400,Rovinka,48.10809,17.25502,2012-01-01T00:00:00,2050-12-31T00:00:00
14656300,Nové Košariská,48.09995,17.27674,2012-01-01T00:00:00,2050-12-31T00:00:00
14676100,Miloslavov,48.08558,17.30164,2012-01-01T00:00:00,2050-12-31T00:00:00
14666200,Kvetoslavov,48.05565,17.35944,2012-01-01T00:00:00,2050-12-31T00:00:00
14686000,Malá Paka,48.04389,17.38814,2012-01-01T00:00:00,2050-12-31T00:00:00
14696900,Veľká Paka,48.03855,17.40359,2012-01-01T00:00:00,2050-12-31T00:00:00
14706600,Lehnice,48.03178,17.452102,2012-01-01T00:00:00,2050-12-31T00:00:00
14716500,Michal na Ostrove,48.01818,17.505306,2012-01-01T00:00:00,2050-12-31T00:00:00
14726400,Orechová Potôň,48.014574,17.529968,2012-01-01T00:00:00,2050-12-31T00:00:00
14746200,Veľké Blahovo,48.00652,17.57559,2012-01-01T00:00:00,2050-12-31T00:00:00
14736300,Dunajská Streda,47.99335,17.607965,2012-01-01T00:00:00,2050-12-31T00:00:00
14966600,Komárno závody,47.77256,18.094311,2012-01-01T00:00:00,2050-12-31T00:00:00
14866800,Nová Stráž,47.7644,18.0486,2012-01-01T00:00:00,2050-12-31T00:00:00
14846000,Zlatná na Ostrove,47.77508,17.97688,2012-01-01T00:00:00,2050-12-31T00:00:00
14856900,Horná Zlatná,47.78043,17.94693,2012-01-01T00:00:00,2050-12-31T00:00:00
14826200,Zemianska Olča,47.80802,17.8518,2012-01-01T00:00:00,2050-12-31T00:00:00
14816300,Bodza,47.83366,17.82167,2012-01-01T00:00:00,2050-12-31T00:00:00
14806400,Veľký Meder,47.8615,17.78168,2012-01-01T00:00:00,2050-12-31T00:00:00
14796700,Okoč,47.8961,17.7948,2012-01-01T00:00:00,2050-12-31T00:00:00
14766000,Dolný Bar,47.967395,17.69339,2012-01-01T00:00:00,2050-12-31T00:00:00
14756100,Kútniky,47.98476,17.64669,2012-01-01T00:00:00,2050-12-31T00:00:00
14946800,Komárno škola,47.780434,18.094246,2012-01-01T00:00:00,2050-12-31T00:00:00
14956700,Kameničná,47.81618,18.03655,2012-01-01T00:00:00,2050-12-31T00:00:00
14926000,Balvany,47.83102,18.01693,2012-01-01T00:00:00,2050-12-31T00:00:00
15886500,Violín,47.83525,17.97165,2012-01-01T00:00:00,2050-12-31T00:00:00
15876600,Kráľka,47.87249,17.95206,2012-01-01T00:00:00,2050-12-31T00:00:00
15856800,Kolárovo,47.91179,17.98467,2012-01-01T00:00:00,2050-12-31T00:00:00
13356100,Diakovce,48.12773,17.8518,2012-01-01T00:00:00,2050-12-31T00:00:00
13376900,Žihárec,48.078882,17.883167,2012-01-01T00:00:00,2050-12-31T00:00:00
15796600,Vlčany,48.030131,17.93664,2012-01-01T00:00:00,2050-12-31T00:00:00
15186000,Ostratice,48.647847,18.272096,2012-01-01T00:00:00,2050-12-31T00:00:00
15166200,Rybany,48.669383,18.261487,2012-01-01T00:00:00,2050-12-31T00:00:00
14056600,Kuchyňa,48.41114,17.13698,2012-01-01T00:00:00,2050-12-31T00:00:00
14046700,Rohožník,48.45207,17.17037,2012-01-01T00:00:00,2050-12-31T00:00:00
14086300,Sološnica,48.47121,17.22629,2012-01-01T00:00:00,2050-12-31T00:00:00
14076400,Plavecké Podhradie,48.48291,17.25082,2012-01-01T00:00:00,2050-12-31T00:00:00
14066500,Plavecký Mikuláš,48.51908,17.28298,2012-01-01T00:00:00,2050-12-31T00:00:00
13223300,Zvolen osobná stanica,48.56971,19.1205,2012-01-01T00:00:00,2050-12-31T00:00:00
13183900,Hronská Dúbrava,48.57638,18.98978,2012-01-01T00:00:00,2050-12-31T00:00:00
13193800,Trnavá Hora,48.59177,18.94888,2012-01-01T00:00:00,2050-12-31T00:00:00
13173000,Stará Kremnička,48.60005,18.89391,2012-01-01T00:00:00,2050-12-31T00:00:00
13163100,Jastrabá,48.6441,18.92425,2012-01-01T00:00:00,2050-12-31T00:00:00
13123500,Kremnica,48.69749,18.92414,2012-01-01T00:00:00,2050-12-31T00:00:00
13133400,Kremnické Bane,48.74302,18.90277,2012-01-01T00:00:00,2050-12-31T00:00:00
13113600,Turček,48.75931,18.91762,2012-01-01T00:00:00,2050-12-31T00:00:00
13093000,Horná Štubňa,48.79279,18.88172,2012-01-01T00:00:00,2050-12-31T00:00:00
13103700,Horná Štubňa zastávka,48.822689,18.869662,2012-01-01T00:00:00,2050-12-31T00:00:00
13083100,Turčianske Teplice,48.862861,18.853805,2012-01-01T00:00:00,2050-12-31T00:00:00
19115500,Vlečka INTOCAST Slovakia,48.611072,19.959004,2018-06-10T00:00:00,2050-12-31T00:00:00
19119700,Vlečka MFC - prevádzka Transformovňa Kráľova Lehota,49.018935,19.804703,2018-06-10T00:00:00,2050-12-31T00:00:00
10050300,Čaňa št. hr.,48.528564,21.261426,2012-01-01T00:00:00,2050-12-31T00:00:00
14843700,Zelené,48.42929,19.76964,2012-01-01T00:00:00,2050-12-31T00:00:00
15940000,Vranov nad Topľou,48.89062,21.67319,2012-01-01T00:00:00,2050-12-31T00:00:00
15970700,Komárany,48.91315,21.6385,2012-01-01T00:00:00,2050-12-31T00:00:00
15920200,Soľ,48.93231,21.59968,2012-01-01T00:00:00,2050-12-31T00:00:00
15930100,Hlinné,48.95285,21.58418,2012-01-01T00:00:00,2050-12-31T00:00:00
15900400,Čierne nad Topľou,48.98993,21.56926,2012-01-01T00:00:00,2050-12-31T00:00:00
15910300,Bystré,49.00356,21.54171,2012-01-01T00:00:00,2050-12-31T00:00:00
15870900,Hanušovce nad Topľou,49.019015,21.519728,2012-01-01T00:00:00,2050-12-31T00:00:00
15880800,Pavlovce,49.03356,21.45952,2012-01-01T00:00:00,2050-12-31T00:00:00
15800600,Kapušany pri Prešove,49.04386,21.32044,2012-01-01T00:00:00,2050-12-31T00:00:00
15780000,Šarišské Lúky,49.01659,21.26712,2012-01-01T00:00:00,2050-12-31T00:00:00
16860900,Veľké Kapušany zastávka,48.56096,22.067027,2012-01-01T00:00:00,2050-12-31T00:00:00
15170400,Moldava nad Bodvou,48.60123,21.00288,2012-01-01T00:00:00,2050-12-31T00:00:00
18001800,Výh. Drienovec,48.60585,20.954,2012-01-01T00:00:00,2050-12-31T00:00:00
15180300,Drienovec,48.60672,20.94931,2012-01-01T00:00:00,2050-12-31T00:00:00
15140700,Turňa nad Bodvou,48.59781,20.88973,2012-01-01T00:00:00,2050-12-31T00:00:00
15160500,Dvorníky-Zádiel,48.59826,20.83597,2012-01-01T00:00:00,2050-12-31T00:00:00
15150600,Hrhov,48.60678,20.76928,2012-01-01T00:00:00,2050-12-31T00:00:00
15130800,Jablonov nad Turňou,48.59944,20.69061,2012-01-01T00:00:00,2050-12-31T00:00:00
18005900,Výh. Tunel,48.601161,20.643106,2012-01-01T00:00:00,2050-12-31T00:00:00
15110000,Lipovník,48.63228,20.60299,2012-01-01T00:00:00,2050-12-31T00:00:00
15120900,Jovice,48.63523,20.54591,2012-01-01T00:00:00,2050-12-31T00:00:00
15370000,Kechnec,48.54436,21.27604,2012-01-01T00:00:00,2050-12-31T00:00:00
15360100,Seňa,48.55982,21.2829,2012-01-01T00:00:00,2050-12-31T00:00:00
15340300,Gyňov,48.588602,21.307619,2012-01-01T00:00:00,2050-12-31T00:00:00
15330400,Čaňa,48.6097,21.30959,2012-01-01T00:00:00,2050-12-31T00:00:00
15350200,Geča,48.62798,21.2967,2012-01-01T00:00:00,2050-12-31T00:00:00
15320500,Valaliky,48.64686,21.28764,2012-01-01T00:00:00,2050-12-31T00:00:00
19013200,Barca St. 4,48.66866,21.274338,2012-01-01T00:00:00,2050-12-31T00:00:00
19001700,Barca St. 1,48.685606,21.273994,2012-01-01T00:00:00,2050-12-31T00:00:00
15290000,Barca,48.67927,21.27623,2012-01-01T00:00:00,2050-12-31T00:00:00
15070600,Rožňava predmestie,48.65086,20.52167,2012-01-01T00:00:00,2050-12-31T00:00:00
15080500,Rožňava mesto,48.66023,20.51959,2012-01-01T00:00:00,2050-12-31T00:00:00
15090400,Nadabula,48.68068,20.52055,2012-01-01T00:00:00,2050-12-31T00:00:00
15590300,Gemerská Poloma,48.70906,20.4775,2012-01-01T00:00:00,2050-12-31T00:00:00
15620800,Henckovce,48.71377,20.43575,2012-01-01T00:00:00,2050-12-31T00:00:00
16900300,Výh. Vojany ŠRT,48.56026,22.02524,2012-01-01T00:00:00,2050-12-31T00:00:00
16910200,Výh. Budkovce ŠRT,48.62812,21.92885,2012-01-01T00:00:00,2050-12-31T00:00:00
16920100,Výh. Trebišov ŠRT,48.64057,21.7292,2012-01-01T00:00:00,2050-12-31T00:00:00
19101500,Vlečka Vagónka Trebišov,48.613945,21.678987,2012-01-01T00:00:00,2050-12-31T00:00:00
18740100,Výh. Slivník ŠRT,48.60071,21.57363,2012-01-01T00:00:00,2050-12-31T00:00:00
18510800,Výh. Slančík ŠRT,48.666694,21.475466,2012-01-01T00:00:00,2050-12-31T00:00:00
18500900,Výh. Hornád ŠRT,48.65053,21.35424,2012-01-01T00:00:00,2050-12-31T00:00:00
18280800,Haniska pri Košiciach USSK,48.6221,21.2224,2012-01-01T00:00:00,2050-12-31T00:00:00
13166400,Bratislava-Lamač,48.18495,17.05066,2012-01-01T00:00:00,2050-12-31T00:00:00
16020000,Pusté Čemerné,48.84374,21.82732,2012-01-01T00:00:00,2050-12-31T00:00:00
16010100,Strážske,48.86766,21.82483,2012-01-01T00:00:00,2050-12-31T00:00:00
15673700,Lesy svätého Huberta - Jasov,48.6848,20.9668,2018-11-23T00:00:00,2050-12-31T00:00:00
12380200,Lužianky TIP brána,48.363175,18.037789,2018-11-23T00:00:00,2050-12-31T00:00:00
19137900,Vlečka Závadka nad Hronom 2,48.850337,19.9212,2018-11-23T00:00:00,2050-12-31T00:00:00
13678800,Trnava nákladná stanica,48.3667,17.5783,2018-11-23T00:00:00,2050-12-31T00:00:00
19801000,Hraničná kontrola,48.4263295,22.112561,2023-10-17T00:00:00,2050-12-31T00:00:00
19803600,"km 4,234",49.209341007865085,18.81571626927762,2023-10-17T00:00:00,2050-12-31T00:00:00
13966700,Martin-Sever,49.085598,18.926974,2026-04-14T00:00:00,2050-12-31T00:00:00
14121800,Výh. Lučivná,49.05758,20.1106,2021-08-27T00:00:00,2050-12-31T00:00:00
14031900,Štrbské Pleso,49.11853,20.0641,2012-01-01T00:00:00,2050-12-31T00:00:00
16062200,Humenné mesto2,48.9343341,21.9149348,2023-01-20T00:00:00,2050-12-31T00:00:00
13598800,Bratislava-Vinohrady2,48.18676,17.13427,2023-01-20T00:00:00,2050-12-31T00:00:00
19463900,AH Straník,49.207167,18.8254065,2023-01-20T00:00:00,2050-12-31T00:00:00
19467000,AH Dubeň,49.219777,18.7751065,2023-01-20T00:00:00,2050-12-31T00:00:00
15256100,Ondrochov,48.121567,18.165199,2012-01-01T00:00:00,2050-12-31T00:00:00
19126200,Vlečka Ferona Slovakia,48.274478,18.091607,2012-01-01T00:00:00,2050-12-31T00:00:00
15296700,Dolné Krškany,48.271131,18.093211,2012-01-01T00:00:00,2050-12-31T00:00:00
16240400,Sukov,49.205076,21.887247,2012-01-01T00:00:00,2050-12-31T00:00:00
16180200,Hrabovec nad Laborcom,49.096253,21.941682,2012-01-01T00:00:00,2050-12-31T00:00:00
16160400,Hankovce,49.026598,21.947887,2012-01-01T00:00:00,2050-12-31T00:00:00
19401900,AH Drahovce,48.56166368871418,17.801342249057264,2023-06-27T00:00:00,2050-12-31T00:00:00
19403500,AH Madunice,48.459905,17.761453,2023-06-27T00:00:00,2050-12-31T00:00:00
19405000,AH Richtárske,48.41315111930822,17.73025630551864,2023-06-27T00:00:00,2050-12-31T00:00:00
19407600,AH Prílohy,48.374667757735445,17.646746295839623,2023-06-27T00:00:00,2050-12-31T00:00:00
19408400,AH Dolina,48.344815,17.532475,2023-06-27T00:00:00,2050-12-31T00:00:00
19411800,AH Vŕšok,48.298376296331604,17.419878174567764,2023-06-27T00:00:00,2050-12-31T00:00:00
19412600,AH Vinosady,48.300184700159384,17.30219650158129,2023-06-27T00:00:00,2050-12-31T00:00:00
19422500,AH Bodovice,48.936464318851414,18.83542241384633,2023-06-27T00:00:00,2050-12-31T00:00:00
19424100,AH Lieskovec,48.56922520136819,19.20397424467709,2023-06-28T00:00:00,2050-12-31T00:00:00
19426600,AH Most,48.5458,19.335185,2023-06-28T00:00:00,2050-12-31T00:00:00
19428200,AH Suť,48.584473172242234,18.94192315883191,2023-06-28T00:00:00,2050-12-31T00:00:00
19430800,AH Voznica,48.452941583854084,18.691679465989054,2023-06-28T00:00:00,2050-12-31T00:00:00
19432400,AH Budča,48.56540969517226,19.044033916087585,2023-06-28T00:00:00,2050-12-31T00:00:00
19440700,AH Príkrik,49.24259939863776,18.691309494190875,2023-06-28T00:00:00,2050-12-31T00:00:00
19445600,AH Manín,49.137699438325484,18.469361436324874,2023-06-28T00:00:00,2050-12-31T00:00:00
19451400,AH Beluša,49.071918942889226,18.32580945402554,2023-06-28T00:00:00,2050-12-31T00:00:00
19453000,AH Opatová,48.92251496809377,18.0969120760116,2023-06-29T00:00:00,2050-12-31T00:00:00
19455500,AH Záriečie,48.891877794613734,17.996721264909723,2023-06-29T00:00:00,2050-12-31T00:00:00
19457100,AH Melčice,48.82808171593323,17.908137325010554,2023-06-29T00:00:00,2050-12-31T00:00:00
19470400,AH Veľká,49.0637922,20.2466425,2023-06-29T00:00:00,2050-12-31T00:00:00
19471200,AH Bôrik,49.0582472,20.1711328,2023-06-29T00:00:00,2050-12-31T00:00:00
19473800,AH Rohov,49.173559706453915,20.93942672206698,2023-06-29T00:00:00,2050-12-31T00:00:00
19475300,AH Torysa,48.9416628,21.2459558,2023-06-29T00:00:00,2050-12-31T00:00:00
19477900,AH Podhradie,48.63594794200855,20.579379070398833,2023-06-29T00:00:00,2050-12-31T00:00:00
19601400,"km 80,400",48.864675,20.2242031,2023-07-10T00:00:00,2050-12-31T00:00:00
19603000,"km 73,000",48.66765021965595,21.4730559473044,2023-07-10T00:00:00,2050-12-31T00:00:00
19609700,"km 13,100",48.599557924910755,21.59689633512793,2023-07-10T00:00:00,2050-12-31T00:00:00
19606300,"km 56,900",48.6144794,20.630075,2023-07-10T00:00:00,2050-12-31T00:00:00
19608900,"km 2,600",48.86052032317989,21.24140435821903,2023-07-10T00:00:00,2050-12-31T00:00:00
19602200,"km 35,500",49.224616,21.254501,2023-07-10T00:00:00,2050-12-31T00:00:00
19610500,"km 28,000",48.5709775,17.4649144,2023-07-10T00:00:00,2050-12-31T00:00:00
19612100,"km 188,800",48.5228249569139,19.462571982528736,2023-07-14T00:00:00,2050-12-31T00:00:00
19618800,"km 6,600",47.96361405988706,18.72333149258226,2023-07-14T00:00:00,2050-12-31T00:00:00
15806300,Žihárec zastávka,48.07052,17.8957,2012-01-01T00:00:00,2050-12-31T00:00:00
16140600,Ľubiša,49.003506,21.94402,2012-01-01T00:00:00,2050-12-31T00:00:00
16050700,Brekov,48.90324,21.84146,2012-01-01T00:00:00,2050-12-31T00:00:00
17125600,Sedmerovec,49.008966,18.188094,2012-01-01T00:00:00,2050-12-31T00:00:00
14266100,Klčovany,48.451875,17.511907,2012-01-01T00:00:00,2050-12-31T00:00:00
14236400,Buková,48.55224,17.45097,2012-01-01T00:00:00,2050-12-31T00:00:00
13033600,Príbovce-Rakovo,48.993698,18.87964,2012-01-01T00:00:00,2050-12-31T00:00:00
16870800,Maťovce,48.55659,22.12169,2012-01-01T00:00:00,2050-12-31T00:00:00
16890600,Maťovce ŠRT,48.559176,22.129539,2012-01-01T00:00:00,2050-12-31T00:00:00
19200500,hranica BA - TT,48.552872,17.002594,2015-04-30T00:00:00,2050-12-31T00:00:00
19201300,hranica BA - TT,48.309103,17.457774,2015-04-30T00:00:00,2050-12-31T00:00:00
19202100,hranica ZA - TN,49.177235,18.500066,2015-04-30T00:00:00,2050-12-31T00:00:00
19203900,hranica TT - TN,48.651418,17.836198,2015-04-30T00:00:00,2050-12-31T00:00:00
19204700,hranica BA - TT,48.21316,17.509201,2015-04-30T00:00:00,2050-12-31T00:00:00
19205400,hranica TT - NR,48.159945,17.817681,2015-04-30T00:00:00,2050-12-31T00:00:00
19206200,hranica BA - TT,48.06771,17.32204,2015-04-30T00:00:00,2050-12-31T00:00:00
19207000,hranica TT - NR,47.851594,17.79522,2015-04-30T00:00:00,2050-12-31T00:00:00
19208800,hranica NR - TN,48.582798,18.223548,2015-04-30T00:00:00,2050-12-31T00:00:00
19209600,hranica TT - NR,48.376932,17.883392,2015-04-30T00:00:00,2050-12-31T00:00:00
19210400,hranica ZA - TN,48.76535,18.80935,2015-04-30T00:00:00,2050-12-31T00:00:00
19211200,hranica NR - BB,48.314347,18.537863,2015-04-30T00:00:00,2050-12-31T00:00:00
19222900,hranica KE - PO,48.889271,21.832971,2015-04-30T00:00:00,2050-12-31T00:00:00
19212000,hranica NR - BB,48.161976,18.887527,2015-04-30T00:00:00,2050-12-31T00:00:00
19213800,hranica BB - KE,48.46173,20.348505,2015-04-30T00:00:00,2050-12-31T00:00:00
19214600,hranica BB - KE,48.550714,20.331349,2015-04-30T00:00:00,2050-12-31T00:00:00
19215300,hranica ZA - BB,48.83392,19.00203,2015-04-30T00:00:00,2050-12-31T00:00:00
19216100,hranica ZA - BB,48.750585,18.904218,2015-04-30T00:00:00,2050-12-31T00:00:00
19217900,hranica BB - KE,48.872999,20.265781,2015-04-30T00:00:00,2050-12-31T00:00:00
19218700,hranica ZA - PO,49.074706,20.027544,2015-04-30T00:00:00,2050-12-31T00:00:00
19219500,hranica KE - PO,48.990581,20.417235,2015-04-30T00:00:00,2050-12-31T00:00:00
19221100,hranica KE - PO,48.870272,21.242382,2015-04-30T00:00:00,2050-12-31T00:00:00
19220300,hranica KE - PO,48.976245,20.749427,2015-04-30T00:00:00,2050-12-31T00:00:00
19223700,hranica KE - PO,48.873052,21.788457,2015-04-30T00:00:00,2050-12-31T00:00:00
19224500,hranica KE - PO,48.971959,20.579919,2015-04-30T00:00:00,2050-12-31T00:00:00
19225200,hranica KE - PO,48.76508,21.69627,2015-04-30T00:00:00,2050-12-31T00:00:00
19226000,hranica TN -TT,48.651962,17.508014,2015-04-30T00:00:00,2050-12-31T00:00:00
19441500,AH Kotešová,49.223648,18.605657,2023-06-28T00:00:00,2050-12-31T00:00:00
18937300,Žilina-Teplička vchod. sk.,49.20552985806943,18.826438776418268,2015-04-30T00:00:00,2050-12-31T00:00:00
18938100,Žilina-Teplička smerová sk.,49.21027604200494,18.805844322807637,2015-04-30T00:00:00,2050-12-31T00:00:00
17395500,Výh. Plevník-Drienové,49.1684,18.4874,2015-08-01T00:00:00,2050-12-31T00:00:00
18939900,Žilina-Teplička TIP,49.2164,18.7841,2015-08-01T00:00:00,2050-12-31T00:00:00
19033000,EE Púchov - Lúky,49.107455,18.323971,2015-09-01T00:00:00,2050-12-31T00:00:00
19443100,AH Rašov,49.181587,18.50715,2023-06-28T00:00:00,2050-12-31T00:00:00
19459700,AH Nosice,49.133713,18.36158,2023-06-29T00:00:00,2050-12-31T00:00:00
19449800,AH Nimnica,49.140136,18.375367,2023-06-28T00:00:00,2050-12-31T00:00:00
19461300,AH Milochov,49.147836,18.392195,2023-06-29T00:00:00,2050-12-31T00:00:00
19447200,AH Dubovec,49.13702,18.416347,2023-06-28T00:00:00,2050-12-31T00:00:00
19605500,"km 3,500",48.87379350199705,21.79560033952093,2023-07-10T00:00:00,2050-12-31T00:00:00
19607100,"km 4,300",48.520629,21.64915,2023-07-10T00:00:00,2050-12-31T00:00:00
19614700,"km 16,600",48.163690826158614,18.427799897936403,2023-07-14T00:00:00,2050-12-31T00:00:00
19616200,"km 16,800",48.16263214716377,18.425678941160747,2023-07-14T00:00:00,2050-12-31T00:00:00
19037100,odb.výh.č.536,49.21865022857435,18.777796189395136,2023-09-04T00:00:00,2050-12-31T00:00:00
19035500,odb.výh.č.101/203,49.203631825881985,18.838248364578703,2023-09-04T00:00:00,2050-12-31T00:00:00
16246100,Slepčany,48.316142,18.341412,2012-01-01T00:00:00,2050-12-31T00:00:00
19132000,Vlečka Dolný Štverník,48.652996,17.509645,2015-02-25T00:00:00,2050-12-31T00:00:00
12601100,"km 7,000",48.548603,20.331359,2015-02-25T00:00:00,2050-12-31T00:00:00
12602900,"km 4,300",48.53637,20.36491,2015-02-25T00:00:00,2050-12-31T00:00:00
19040500,Lastovce odb.,48.533228,21.622054,2015-02-25T00:00:00,2050-12-31T00:00:00
19041300,Michaľany odb.,48.533807,21.616475,2015-02-25T00:00:00,2050-12-31T00:00:00
19135300,Vlečka Lesy SR,48.706741,17.079416,2015-02-25T00:00:00,2050-12-31T00:00:00
19131200,Vlečka Agrochemický podnik Levice,48.39348,17.99695,2015-02-25T00:00:00,2050-12-31T00:00:00
14260400,Kežmarok-Pradiareň,49.16274,20.44719,2017-12-10T00:00:00,2050-12-31T00:00:00
15333800,Lužianky TIP,48.364175,18.038789,2018-11-09T00:00:00,2050-12-31T00:00:00
19301100,Devínska Nová Ves DBCL,48.2388,16.9766,2020-03-16T00:00:00,2050-12-31T00:00:00
13273800,Výh. Gánovce,49.02226,20.32061,2025-05-29T00:00:00,2050-12-31T00:00:00
19480300,AH Filice,49.03579,20.30329,2025-05-29T00:00:00,2050-12-31T00:00:00
19479500,AH Hôrka,49.01013,20.3736,2025-05-29T00:00:00,2050-12-31T00:00:00
19481100,AH Nacina Ves,48.8193,21.84249,2025-10-06T00:00:00,2050-12-31T00:00:00
19482900,AH Petrovce nad Laborcom,48.81036,21.84984,2025-10-06T00:00:00,2050-12-31T00:00:00
16048100,Dražovce rampa,48.3523,18.0468,2016-01-21T00:00:00,2050-12-31T00:00:00
19050400,Bratislava ÚNS výh. č. 39,48.14006,17.141068,2016-04-04T00:00:00,2050-12-31T00:00:00
14618300,Bratislava-Vrakuňa,48.142112,17.214998,2016-11-09T00:00:00,2050-12-31T00:00:00
15860000,Lipníky,49.04906,21.40544,2016-12-11T00:00:00,2050-12-31T00:00:00
13896600,Trenčín-Opatová,48.910079,18.088084,2016-12-11T00:00:00,2050-12-31T00:00:00
13846100,Trenčín-Zlatovce,48.90075,18.02243,2016-12-11T00:00:00,2050-12-31T00:00:00
19478700,AH Hliny,49.21051,18.73185,2025-05-21T00:00:00,2050-12-31T00:00:00
